datetime,open
2011-10-12,1.0
2011-10-14,1.0
2011-10-20,0.999
2011-10-21,0.999
2011-10-24,0.999
2011-10-25,1.001
2011-10-26,1.003
2011-10-27,1.002
2011-10-28,1.009
2011-10-31,1.011
2011-11-01,1.01
2011-11-02,1.027
2011-11-03,1.03
2011-11-04,1.035
2011-11-07,1.031
2011-11-08,1.019
2011-11-09,1.034
2011-11-10,1.019
2011-11-11,1.018
2011-11-14,1.041
2011-11-15,1.048
2011-11-16,1.022
2011-11-17,1.019
2011-11-18,0.992
2011-11-21,0.994
2011-11-22,0.993
2011-11-23,0.985
2011-11-24,0.985
2011-11-25,0.977
2011-11-28,0.975
2011-11-29,0.989
2011-11-30,0.951
2011-12-01,0.973
2011-12-02,0.958
2011-12-05,0.933
2011-12-06,0.933
2011-12-07,0.934
2011-12-08,0.935
2011-12-09,0.927
2011-12-12,0.917
2011-12-13,0.888
2011-12-14,0.873
2011-12-15,0.851
2011-12-16,0.877
2011-12-19,0.877
2011-12-20,0.875
2011-12-21,0.855
2011-12-22,0.846
2011-12-23,0.854
2011-12-26,0.851
2011-12-27,0.832
2011-12-28,0.834
2011-12-29,0.834
2011-12-30,0.849
2011-12-31,0.849
2012-01-04,0.83
2012-01-05,0.802
2012-01-06,0.808
2012-01-09,0.84
2012-01-10,0.871
2012-01-11,0.87
2012-01-12,0.871
2012-01-13,0.845
2012-01-16,0.818
2012-01-17,0.862
2012-01-18,0.846
2012-01-19,0.857
2012-01-20,0.869
2012-01-30,0.861
2012-01-31,0.864
2012-02-01,0.856
2012-02-02,0.871
2012-02-03,0.885
2012-02-06,0.891
2012-02-07,0.878
2012-02-08,0.9
2012-02-09,0.907
2012-02-10,0.912
2012-02-13,0.919
2012-02-14,0.921
2012-02-15,0.933
2012-02-16,0.931
2012-02-17,0.929
2012-02-20,0.933
2012-02-21,0.944
2012-02-22,0.964
2012-02-23,0.966
2012-02-24,0.978
2012-02-27,0.98
2012-02-28,0.977
2012-02-29,0.965
2012-03-01,0.97
2012-03-02,0.992
2012-03-05,0.996
2012-03-06,0.989
2012-03-07,0.981
2012-03-08,0.996
2012-03-09,1.013
2012-03-12,1.017
2012-03-13,1.023
2012-03-14,0.981
2012-03-15,0.971
2012-03-16,0.995
2012-03-19,1.004
2012-03-20,0.984
2012-03-21,0.987
2012-03-22,0.982
2012-03-23,0.963
2012-03-26,0.962
2012-03-27,0.96
2012-03-28,0.919
2012-03-29,0.907
2012-03-30,0.906
2012-03-31,0.906
2012-04-05,0.937
2012-04-06,0.944
2012-04-09,0.934
2012-04-10,0.946
2012-04-11,0.948
2012-04-12,0.967
2012-04-13,0.976
2012-04-16,0.98
2012-04-17,0.965
2012-04-18,0.984
2012-04-19,0.981
2012-04-20,0.988
2012-04-23,0.975
2012-04-24,0.97
2012-04-25,0.983
2012-04-26,0.979
2012-04-27,0.972
2012-05-02,0.99
2012-05-03,0.994
2012-05-04,1.003
2012-05-07,1.009
2012-05-08,1.007
2012-05-09,0.987
2012-05-10,0.992
2012-05-11,0.986
2012-05-14,0.981
2012-05-15,0.983
2012-05-16,0.971
2012-05-17,0.987
2012-05-18,0.971
2012-05-21,0.971
2012-05-22,0.987
2012-05-23,0.986
2012-05-24,0.98
2012-05-25,0.966
2012-05-28,0.978
2012-05-29,0.993
2012-05-30,0.993
2012-05-31,0.994
2012-06-01,0.993
2012-06-04,0.962
2012-06-05,0.959
2012-06-06,0.955
2012-06-07,0.949
2012-06-08,0.946
2012-06-11,0.963
2012-06-12,0.957
2012-06-13,0.976
2012-06-14,0.972
2012-06-15,0.97
2012-06-18,0.979
2012-06-19,0.971
2012-06-20,0.968
2012-06-21,0.955
2012-06-25,0.933
2012-06-26,0.931
2012-06-27,0.929
2012-06-28,0.919
2012-06-29,0.931
2012-06-30,0.931
2012-07-02,0.94
2012-07-03,0.945
2012-07-04,0.942
2012-07-05,0.923
2012-07-06,0.943
2012-07-09,0.921
2012-07-10,0.915
2012-07-11,0.923
2012-07-12,0.936
2012-07-13,0.93
2012-07-16,0.901
2012-07-17,0.908
2012-07-18,0.914
2012-07-19,0.924
2012-07-20,0.917
2012-07-23,0.908
2012-07-24,0.914
2012-07-25,0.905
2012-07-26,0.898
2012-07-27,0.894
2012-07-30,0.876
2012-07-31,0.863
2012-08-01,0.877
2012-08-02,0.872
2012-08-03,0.889
2012-08-06,0.907
2012-08-07,0.915
2012-08-08,0.912
2012-08-09,0.924
2012-08-10,0.922
2012-08-13,0.903
2012-08-14,0.911
2012-08-15,0.901
2012-08-16,0.894
2012-08-17,0.896
2012-08-20,0.897
2012-08-21,0.911
2012-08-22,0.902
2012-08-23,0.908
2012-08-24,0.892
2012-08-27,0.874
2012-08-28,0.88
2012-08-29,0.875
2012-08-30,0.862
2012-08-31,0.865
2012-09-03,0.881
2012-09-04,0.871
2012-09-05,0.877
2012-09-06,0.888
2012-09-07,0.917
2012-09-10,0.923
2012-09-11,0.922
2012-09-12,0.929
2012-09-13,0.919
2012-09-14,0.92
2012-09-17,0.896
2012-09-18,0.893
2012-09-19,0.901
2012-09-20,0.876
2012-09-21,0.87
2012-09-24,0.876
2012-09-25,0.869
2012-09-26,0.85
2012-09-27,0.868
2012-09-28,0.884
2012-09-30,0.884
2012-10-08,0.881
2012-10-09,0.904
2012-10-10,0.911
2012-10-11,0.897
2012-10-12,0.896
2012-10-15,0.893
2012-10-16,0.896
2012-10-17,0.898
2012-10-18,0.914
2012-10-19,0.912
2012-10-22,0.916
2012-10-23,0.904
2012-10-24,0.902
2012-10-25,0.895
2012-10-26,0.878
2012-10-29,0.877
2012-10-30,0.88
2012-10-31,0.883
2012-11-01,0.9
2012-11-02,0.905
2012-11-05,0.901
2012-11-06,0.892
2012-11-07,0.891
2012-11-08,0.872
2012-11-09,0.869
2012-11-12,0.873
2012-11-13,0.856
2012-11-14,0.858
2012-11-15,0.843
2012-11-16,0.839
2012-11-19,0.84
2012-11-20,0.836
2012-11-21,0.845
2012-11-22,0.834
2012-11-23,0.837
2012-11-26,0.827
2012-11-27,0.799
2012-11-28,0.784
2012-11-29,0.777
2012-11-30,0.789
2012-12-03,0.772
2012-12-04,0.783
2012-12-05,0.809
2012-12-06,0.809
2012-12-07,0.825
2012-12-10,0.838
2012-12-11,0.833
2012-12-12,0.833
2012-12-13,0.822
2012-12-14,0.853
2012-12-17,0.861
2012-12-18,0.859
2012-12-19,0.862
2012-12-20,0.865
2012-12-21,0.864
2012-12-24,0.869
2012-12-25,0.888
2012-12-26,0.9
2012-12-27,0.895
2012-12-28,0.906
2012-12-31,0.915
2013-01-04,0.912
2013-01-07,0.921
2013-01-08,0.932
2013-01-09,0.936
2013-01-10,0.942
2013-01-11,0.92
2013-01-14,0.95
2013-01-15,0.966
2013-01-16,0.967
2013-01-17,0.956
2013-01-18,0.969
2013-01-21,0.976
2013-01-22,0.96
2013-01-23,0.962
2013-01-24,0.942
2013-01-25,0.942
2013-01-28,0.965
2013-01-29,0.973
2013-01-30,0.977
2013-01-31,0.972
2013-02-01,0.978
2013-02-04,0.973
2013-02-05,0.984
2013-02-06,0.991
2013-02-07,0.995
2013-02-08,1.008
2013-02-18,1.013
2013-02-19,0.992
2013-02-20,1.013
2013-02-21,0.992
2013-02-22,0.989
2013-02-25,0.997
2013-02-26,0.983
2013-02-27,0.984
2013-02-28,1.001
2013-03-01,1.011
2013-03-04,0.974
2013-03-05,0.994
2013-03-06,1.013
2013-03-07,1.002
2013-03-08,0.993
2013-03-11,0.994
2013-03-12,0.967
2013-03-13,0.958
2013-03-14,0.962
2013-03-15,0.965
2013-03-18,0.952
2013-03-19,0.956
2013-03-20,0.98
2013-03-21,0.988
2013-03-22,0.991
2013-03-25,0.988
2013-03-26,0.982
2013-03-27,0.984
2013-03-28,0.958
2013-03-29,0.959
2013-04-01,0.965
2013-04-02,0.951
2013-04-03,0.944
2013-04-08,0.95
2013-04-09,0.957
2013-04-10,0.956
2013-04-11,0.953
2013-04-12,0.946
2013-04-15,0.933
2013-04-16,0.943
2013-04-17,0.953
2013-04-18,0.955
2013-04-19,0.974
2013-04-22,0.981
2013-04-23,0.955
2013-04-24,0.974
2013-04-25,0.961
2013-04-26,0.948
2013-05-02,0.955
2013-05-03,0.971
2013-05-06,0.989
2013-05-07,0.989
2013-05-08,0.997
2013-05-09,0.994
2013-05-10,1.0
2013-05-13,1.006
2013-05-14,0.995
2013-05-15,1.007
2013-05-16,1.019
2013-05-17,1.034
2013-05-20,1.044
2013-05-21,1.053
2013-05-22,1.042
2013-05-23,1.035
2013-05-24,1.046
2013-05-27,1.054
2013-05-28,1.059
2013-05-29,1.066
2013-05-30,1.069
2013-05-31,1.061
2013-06-03,1.059
2013-06-04,1.035
2013-06-05,1.036
2013-06-06,1.02
2013-06-07,1.001
2013-06-13,0.972
2013-06-14,0.989
2013-06-17,0.993
2013-06-18,0.997
2013-06-19,0.99
2013-06-20,0.959
2013-06-21,0.955
2013-06-24,0.898
2013-06-25,0.893
2013-06-26,0.912
2013-06-27,0.9
2013-06-28,0.906
2013-06-30,0.906
2013-07-01,0.923
2013-07-02,0.935
2013-07-03,0.937
2013-07-04,0.947
2013-07-05,0.941
2013-07-08,0.907
2013-07-09,0.911
2013-07-10,0.937
2013-07-11,0.963
2013-07-12,0.955
2013-07-15,0.973
2013-07-16,0.983
2013-07-17,0.97
2013-07-18,0.968
2013-07-19,0.943
2013-07-22,0.958
2013-07-23,0.98
2013-07-24,0.984
2013-07-25,0.969
2013-07-26,0.967
2013-07-29,0.947
2013-07-30,0.946
2013-07-31,0.948
2013-08-01,0.972
2013-08-02,0.977
2013-08-05,0.994
2013-08-06,1.006
2013-08-07,0.998
2013-08-08,1.002
2013-08-09,1.006
2013-08-12,1.022
2013-08-13,1.027
2013-08-14,1.023
2013-08-15,1.009
2013-08-16,0.992
2013-08-19,1.007
2013-08-20,1.005
2013-08-21,1.01
2013-08-22,1.016
2013-08-23,1.012
2013-08-26,1.032
2013-08-27,1.038
2013-08-28,1.033
2013-08-29,1.031
2013-08-30,1.018
2013-09-02,1.026
2013-09-03,1.041
2013-09-04,1.043
2013-09-05,1.042
2013-09-06,1.046
2013-09-09,1.055
2013-09-10,1.063
2013-09-11,1.056
2013-09-12,1.058
2013-09-13,1.062
2013-09-16,1.064
2013-09-17,1.045
2013-09-18,1.052
2013-09-23,1.073
2013-09-24,1.069
2013-09-25,1.066
2013-09-26,1.046
2013-09-27,1.049
2013-09-30,1.062
2013-10-08,1.078
2013-10-09,1.089
2013-10-10,1.083
2013-10-11,1.102
2013-10-14,1.113
2013-10-15,1.115
2013-10-16,1.085
2013-10-17,1.083
2013-10-18,1.088
2013-10-21,1.112
2013-10-22,1.101
2013-10-23,1.075
2013-10-24,1.071
2013-10-25,1.052
2013-10-28,1.052
2013-10-29,1.031
2013-10-30,1.049
2013-10-31,1.036
2013-11-01,1.032
2013-11-04,1.038
2013-11-05,1.048
2013-11-06,1.036
2013-11-07,1.021
2013-11-08,1.004
2013-11-11,1.009
2013-11-12,1.018
2013-11-13,0.999
2013-11-14,1.014
2013-11-15,1.033
2013-11-18,1.056
2013-11-19,1.06
2013-11-20,1.069
2013-11-21,1.063
2013-11-22,1.057
2013-11-25,1.057
2013-11-26,1.057
2013-11-27,1.07
2013-11-28,1.082
2013-11-29,1.089
2013-12-02,1.047
2013-12-03,1.074
2013-12-04,1.091
2013-12-05,1.09
2013-12-06,1.087
2013-12-09,1.097
2013-12-10,1.1
2013-12-11,1.087
2013-12-12,1.091
2013-12-13,1.092
2013-12-16,1.074
2013-12-17,1.068
2013-12-18,1.068
2013-12-19,1.06
2013-12-20,1.045
2013-12-23,1.046
2013-12-24,1.051
2013-12-25,1.064
2013-12-26,1.044
2013-12-27,1.061
2013-12-30,1.063
2013-12-31,1.067
2014-01-02,1.071
2014-01-03,1.063
2014-01-06,1.033
2014-01-07,1.038
2014-01-08,1.04
2014-01-09,1.03
2014-01-10,1.015
2014-01-13,1.009
2014-01-14,1.028
2014-01-15,1.034
2014-01-16,1.035
2014-01-17,1.025
2014-01-20,1.018
2014-01-21,1.033
2014-01-22,1.056
2014-01-23,1.063
2014-01-24,1.077
2014-01-27,1.075
2014-01-28,1.075
2014-01-29,1.085
2014-01-30,1.08
2014-02-07,1.098
2014-02-10,1.127
2014-02-11,1.125
2014-02-12,1.135
2014-02-13,1.118
2014-02-14,1.139
2014-02-17,1.161
2014-02-18,1.156
2014-02-19,1.16
2014-02-20,1.146
2014-02-21,1.136
2014-02-24,1.127
2014-02-25,1.09
2014-02-26,1.091
2014-02-27,1.076
2014-02-28,1.086
2014-03-03,1.106
2014-03-04,1.107
2014-03-05,1.101
2014-03-06,1.105
2014-03-07,1.099
2014-03-10,1.062
2014-03-11,1.063
2014-03-12,1.066
2014-03-13,1.078
2014-03-14,1.077
2014-03-17,1.099
2014-03-18,1.102
2014-03-19,1.1
2014-03-20,1.074
2014-03-21,1.098
2014-03-24,1.106
2014-03-25,1.108
2014-03-26,1.111
2014-03-27,1.098
2014-03-28,1.078
2014-03-31,1.075
2014-04-01,1.092
2014-04-02,1.094
2014-04-03,1.091
2014-04-04,1.104
2014-04-08,1.118
2014-04-09,1.128
2014-04-10,1.132
2014-04-11,1.127
2014-04-14,1.135
2014-04-15,1.125
2014-04-16,1.122
2014-04-17,1.121
2014-04-18,1.125
2014-04-21,1.11
2014-04-22,1.106
2014-04-23,1.102
2014-04-24,1.091
2014-04-25,1.068
2014-04-28,1.038
2014-04-29,1.053
2014-04-30,1.059
2014-05-05,1.069
2014-05-06,1.072
2014-05-07,1.053
2014-05-08,1.052
2014-05-09,1.042
2014-05-12,1.068
2014-05-13,1.066
2014-05-14,1.068
2014-05-15,1.048
2014-05-16,1.044
2014-05-19,1.038
2014-05-20,1.041
2014-05-21,1.051
2014-05-22,1.05
2014-05-23,1.06
2014-05-26,1.069
2014-05-27,1.07
2014-05-28,1.082
2014-05-29,1.07
2014-05-30,1.072
2014-06-03,1.072
2014-06-04,1.062
2014-06-05,1.073
2014-06-06,1.069
2014-06-09,1.062
2014-06-10,1.074
2014-06-11,1.08
2014-06-12,1.08
2014-06-13,1.091
2014-06-16,1.097
2014-06-17,1.087
2014-06-18,1.082
2014-06-19,1.057
2014-06-20,1.066
2014-06-23,1.075
2014-06-24,1.083
2014-06-25,1.077
2014-06-26,1.09
2014-06-27,1.095
2014-06-30,1.106
2014-07-01,1.111
2014-07-02,1.12
2014-07-03,1.132
2014-07-04,1.13
2014-07-07,1.134
2014-07-08,1.14
2014-07-09,1.124
2014-07-10,1.126
2014-07-11,1.137
2014-07-14,1.154
2014-07-15,1.153
2014-07-16,1.146
2014-07-17,1.139
2014-07-18,1.143
2014-07-21,1.138
2014-07-22,1.151
2014-07-23,1.143
2014-07-24,1.147
2014-07-25,1.156
2014-07-28,1.177
2014-07-29,1.187
2014-07-30,1.188
2014-07-31,1.198
2014-08-01,1.184
2014-08-04,1.205
2014-08-05,1.212
2014-08-06,1.222
2014-08-07,1.212
2014-08-08,1.217
2014-08-11,1.235
2014-08-12,1.238
2014-08-13,1.238
2014-08-14,1.232
2014-08-15,1.245
2014-08-18,1.263
2014-08-19,1.264
2014-08-20,1.266
2014-08-21,1.263
2014-08-22,1.269
2014-08-25,1.263
2014-08-26,1.244
2014-08-27,1.246
2014-08-28,1.234
2014-08-29,1.248
2014-09-01,1.265
2014-09-02,1.281
2014-09-03,1.292
2014-09-04,1.3
2014-09-05,1.305
2014-09-09,1.312
2014-09-10,1.314
2014-09-11,1.313
2014-09-12,1.325
2014-09-15,1.337
2014-09-16,1.298
2014-09-17,1.307
2014-09-18,1.314
2014-09-19,1.324
2014-09-22,1.308
2014-09-23,1.323
2014-09-24,1.337
2014-09-25,1.336
2014-09-26,1.34
2014-09-29,1.351
2014-09-30,1.361
2014-10-08,1.38
2014-10-09,1.381
2014-10-10,1.375
2014-10-13,1.374
2014-10-14,1.371
2014-10-15,1.377
2014-10-16,1.354
2014-10-17,1.345
2014-10-20,1.363
2014-10-21,1.351
2014-10-22,1.335
2014-10-23,1.315
2014-10-24,1.321
2014-10-27,1.33
2014-10-28,1.361
2014-10-29,1.378
2014-10-30,1.381
2014-10-31,1.381
2014-11-03,1.394
2014-11-04,1.387
2014-11-05,1.383
2014-11-06,1.393
2014-11-07,1.381
2014-11-10,1.399
2014-11-11,1.365
2014-11-12,1.383
2014-11-13,1.368
2014-11-14,1.364
2014-11-17,1.377
2014-11-18,1.378
2014-11-19,1.381
2014-11-20,1.375
2014-11-21,1.389
2014-11-24,1.411
2014-11-25,1.428
2014-11-26,1.433
2014-11-27,1.442
2014-11-28,1.445
2014-12-01,1.437
2014-12-02,1.452
2014-12-03,1.467
2014-12-04,1.495
2014-12-05,1.457
2014-12-08,1.473
2014-12-09,1.425
2014-12-10,1.475
2014-12-11,1.491
2014-12-12,1.501
2014-12-15,1.523
2014-12-16,1.524
2014-12-17,1.511
2014-12-18,1.513
2014-12-19,1.506
2014-12-22,1.456
2014-12-23,1.436
2014-12-24,1.455
2014-12-25,1.482
2014-12-26,1.493
2014-12-29,1.485
2014-12-30,1.467
2014-12-31,1.48
2015-01-05,1.508
2015-01-06,1.528
2015-01-07,1.53
2015-01-08,1.523
2015-01-09,1.52
2015-01-12,1.507
2015-01-13,1.527
2015-01-14,1.525
2015-01-15,1.542
2015-01-16,1.56
2015-01-19,1.502
2015-01-20,1.557
2015-01-21,1.594
2015-01-22,1.615
2015-01-23,1.597
2015-01-26,1.629
2015-01-27,1.634
2015-01-28,1.621
2015-01-29,1.608
2015-01-30,1.592
2015-02-02,1.588
2015-02-03,1.612
2015-02-04,1.606
2015-02-05,1.597
2015-02-06,1.566
2015-02-09,1.559
2015-02-10,1.579
2015-02-11,1.592
2015-02-12,1.605
2015-02-13,1.63
2015-02-16,1.656
2015-02-17,1.667
2015-02-25,1.664
2015-02-26,1.682
2015-02-27,1.697
2015-03-02,1.731
2015-03-03,1.722
2015-03-04,1.744
2015-03-05,1.744
2015-03-06,1.727
2015-03-09,1.747
2015-03-10,1.764
2015-03-11,1.76
2015-03-12,1.76
2015-03-13,1.781
2015-03-16,1.831
2015-03-17,1.857
2015-03-18,1.888
2015-03-19,1.899
2015-03-20,1.922
2015-03-23,1.968
2015-03-24,1.973
2015-03-25,1.995
2015-03-26,1.984
2015-03-27,2.009
2015-03-30,2.037
2015-03-31,2.039
2015-04-01,2.089
2015-04-02,2.126
2015-04-03,2.157
2015-04-07,2.203
2015-04-08,2.19
2015-04-09,2.169
2015-04-10,2.221
2015-04-13,2.261
2015-04-14,2.259
2015-04-15,2.182
2015-04-16,2.213
2015-04-17,2.237
2015-04-20,2.194
2015-04-21,2.27
2015-04-22,2.327
2015-04-23,2.346
2015-04-24,2.352
2015-04-27,2.38
2015-04-28,2.321
2015-04-29,2.362
2015-04-30,2.376
2015-05-04,2.393
2015-05-05,2.313
2015-05-06,2.287
2015-05-07,2.245
2015-05-08,2.325
2015-05-11,2.415
2015-05-12,2.465
2015-05-13,2.474
2015-05-14,2.466
2015-05-15,2.447
2015-05-18,2.494
2015-05-19,2.557
2015-05-20,2.598
2015-05-21,2.684
2015-05-22,2.727
2015-05-25,2.789
2015-05-26,2.84
2015-05-27,2.867
2015-05-28,2.692
2015-05-29,2.722
2015-06-01,2.861
2015-06-02,2.977
2015-06-03,2.994
2015-06-04,2.99
2015-06-05,3.039
2015-06-08,3.013
2015-06-09,3.01
2015-06-10,3.064
2015-06-11,3.095
2015-06-12,3.134
2015-06-15,3.08
2015-06-16,2.969
2015-06-17,3.026
2015-06-18,2.929
2015-06-19,2.744
2015-06-23,2.778
2015-06-24,2.836
2015-06-25,2.732
2015-06-26,2.515
2015-06-29,2.261
2015-06-30,2.359
2015-07-01,2.255
2015-07-02,2.135
2015-07-03,2.031
2015-07-06,2.012
2015-07-07,1.893
2015-07-08,1.85
2015-07-09,1.892
2015-07-10,1.976
2015-07-13,2.065
2015-07-14,2.093
2015-07-15,2.001
2015-07-16,2.043
2015-07-17,2.148
2015-07-20,2.186
2015-07-21,2.215
2015-07-22,2.24
2015-07-23,2.296
2015-07-24,2.264
2015-07-27,2.105
2015-07-28,2.071
2015-07-29,2.16
2015-07-30,2.108
2015-07-31,2.094
2015-08-03,2.049
2015-08-04,2.141
2015-08-05,2.121
2015-08-06,2.11
2015-08-07,2.161
2015-08-10,2.249
2015-08-11,2.257
2015-08-12,2.231
2015-08-13,2.28
2015-08-14,2.301
2015-08-17,2.339
2015-08-18,2.177
2015-08-19,2.217
2015-08-20,2.147
2015-08-21,2.044
2015-08-24,1.899
2015-08-25,1.773
2015-08-26,1.718
2015-08-27,1.777
2015-08-28,1.87
2015-08-31,1.814
2015-09-01,1.719
2015-09-02,1.706
2015-09-07,1.715
2015-09-08,1.776
2015-09-09,1.821
2015-09-10,1.802
2015-09-11,1.812
2015-09-14,1.693
2015-09-15,1.584
2015-09-16,1.683
2015-09-17,1.658
2015-09-18,1.677
2015-09-21,1.734
2015-09-22,1.747
2015-09-23,1.724
2015-09-24,1.748
2015-09-25,1.692
2015-09-28,1.72
2015-09-29,1.694
2015-09-30,1.702
2015-10-08,1.77
2015-10-09,1.799
2015-10-12,1.87
2015-10-13,1.89
2015-10-14,1.868
2015-10-15,1.925
2015-10-16,1.954
2015-10-19,1.954
2015-10-20,1.989
2015-10-21,1.871
2015-10-22,1.944
2015-10-23,1.991
2015-10-26,2.006
2015-10-27,2.021
2015-10-28,1.977
2015-10-29,1.99
2015-10-30,1.987
2015-11-02,1.954
2015-11-03,1.952
2015-11-04,2.047
2015-11-05,2.051
2015-11-06,2.1
2015-11-09,2.127
2015-11-10,2.137
2015-11-11,2.163
2015-11-12,2.164
2015-11-13,2.128
2015-11-16,2.168
2015-11-17,2.153
2015-11-18,2.124
2015-11-19,2.178
2015-11-20,2.205
2015-11-23,2.191
2015-11-24,2.209
2015-11-25,2.245
2015-11-26,2.231
2015-11-27,2.099
2015-11-30,2.111
2015-12-01,2.119
2015-12-02,2.11
2015-12-03,2.155
2015-12-04,2.135
2015-12-07,2.159
2015-12-08,2.11
2015-12-09,2.104
2015-12-10,2.096
2015-12-11,2.079
2015-12-14,2.115
2015-12-15,2.131
2015-12-16,2.137
2015-12-17,2.19
2015-12-18,2.188
2015-12-21,2.214
2015-12-22,2.231
2015-12-23,2.207
2015-12-24,2.205
2015-12-25,2.218
2015-12-28,2.168
2015-12-29,2.19
2015-12-30,2.209
2015-12-31,2.176
2016-01-04,2.001
2016-01-05,1.983
2016-01-06,2.031
2016-01-07,1.866
2016-01-08,1.896
2016-01-11,1.779
2016-01-12,1.786
2016-01-13,1.725
2016-01-14,1.782
2016-01-15,1.722
2016-01-18,1.743
2016-01-19,1.803
2016-01-20,1.784
2016-01-21,1.719
2016-01-22,1.747
2016-01-25,1.765
2016-01-26,1.644
2016-01-27,1.63
2016-01-28,1.562
2016-01-29,1.617
2016-02-01,1.605
2016-02-02,1.658
2016-02-03,1.666
2016-02-04,1.696
2016-02-05,1.68
2016-02-15,1.68
2016-02-16,1.744
2016-02-17,1.76
2016-02-18,1.755
2016-02-19,1.762
2016-02-22,1.793
2016-02-23,1.782
2016-02-24,1.797
2016-02-25,1.66
2016-02-26,1.672
2016-02-29,1.597
2016-03-01,1.632
2016-03-02,1.71
2016-03-03,1.711
2016-03-04,1.668
2016-03-07,1.702
2016-03-08,1.709
2016-03-09,1.672
2016-03-10,1.647
2016-03-11,1.646
2016-03-14,1.701
2016-03-15,1.691
2016-03-16,1.673
2016-03-17,1.727
2016-03-18,1.781
2016-03-21,1.82
2016-03-22,1.815
2016-03-23,1.827
2016-03-24,1.804
2016-03-25,1.817
2016-03-28,1.806
2016-03-29,1.773
2016-03-30,1.835
2016-03-31,1.837
2016-04-01,1.828
2016-04-05,1.872
2016-04-06,1.885
2016-04-07,1.855
2016-04-08,1.841
2016-04-11,1.879
2016-04-12,1.865
2016-04-13,1.889
2016-04-14,1.905
2016-04-15,1.902
2016-04-18,1.878
2016-04-19,1.883
2016-04-20,1.81
2016-04-21,1.799
2016-04-22,1.81
2016-04-25,1.804
2016-04-26,1.821
2016-04-27,1.819
2016-04-28,1.814
2016-04-29,1.813
2016-05-03,1.862
2016-05-04,1.862
2016-05-05,1.868
2016-05-06,1.804
2016-05-09,1.75
2016-05-10,1.755
2016-05-11,1.756
2016-05-12,1.761
2016-05-13,1.758
2016-05-16,1.787
2016-05-17,1.78
2016-05-18,1.735
2016-05-19,1.74
2016-05-20,1.758
2016-05-23,1.779
2016-05-24,1.763
2016-05-25,1.754
2016-05-26,1.76
2016-05-27,1.76
2016-05-30,1.752
2016-05-31,1.821
2016-06-01,1.826
2016-06-02,1.838
2016-06-03,1.846
2016-06-06,1.85
2016-06-07,1.847
2016-06-08,1.842
2016-06-13,1.765
2016-06-14,1.766
2016-06-15,1.817
2016-06-16,1.807
2016-06-17,1.821
2016-06-20,1.827
2016-06-21,1.81
2016-06-22,1.837
2016-06-23,1.83
2016-06-24,1.811
2016-06-27,1.852
2016-06-28,1.871
2016-06-29,1.875
2016-06-30,1.879
2016-07-01,1.882
2016-07-04,1.924
2016-07-05,1.94
2016-07-06,1.947
2016-07-07,1.953
2016-07-08,1.948
2016-07-11,1.943
2016-07-12,1.968
2016-07-13,1.994
2016-07-14,1.998
2016-07-15,1.996
2016-07-18,1.995
2016-07-19,1.996
2016-07-20,1.996
2016-07-21,2.009
2016-07-22,1.99
2016-07-25,1.994
2016-07-26,2.021
2016-07-27,1.942
2016-07-28,1.951
2016-07-29,1.939
2016-08-01,1.921
2016-08-02,1.939
2016-08-03,1.953
2016-08-04,1.96
2016-08-05,1.953
2016-08-08,1.977
2016-08-09,1.991
2016-08-10,1.982
2016-08-11,1.957
2016-08-12,1.98
2016-08-15,2.024
2016-08-16,2.029
2016-08-17,2.037
2016-08-18,2.04
2016-08-19,2.045
2016-08-22,2.025
2016-08-23,2.024
2016-08-24,2.028
2016-08-25,2.018
2016-08-26,2.026
2016-08-29,2.036
2016-08-30,2.037
2016-08-31,2.042
2016-09-01,2.026
2016-09-02,2.019
2016-09-05,2.034
2016-09-06,2.064
2016-09-07,2.062
2016-09-08,2.068
2016-09-09,2.058
2016-09-12,2.011
2016-09-13,2.015
2016-09-14,2.0
2016-09-19,2.022
2016-09-20,2.024
2016-09-21,2.027
2016-09-22,2.045
2016-09-23,2.039
2016-09-26,2.005
2016-09-27,2.021
2016-09-28,2.02
2016-09-29,2.026
2016-09-30,2.034
2016-10-10,2.067
2016-10-11,2.074
2016-10-12,2.07
2016-10-13,2.07
2016-10-14,2.072
2016-10-17,2.057
2016-10-18,2.085
2016-10-19,2.079
2016-10-20,2.084
2016-10-21,2.077
2016-10-24,2.097
2016-10-25,2.106
2016-10-26,2.095
2016-10-27,2.094
2016-10-28,2.076
2016-10-31,2.075
2016-11-01,2.09
2016-11-02,2.075
2016-11-03,2.081
2016-11-04,2.073
2016-11-07,2.081
2016-11-08,2.09
2016-11-09,2.075
2016-11-10,2.102
2016-11-11,2.114
2016-11-14,2.118
2016-11-15,2.128
2016-11-16,2.131
2016-11-17,2.131
2016-11-18,2.123
2016-11-21,2.123
2016-11-22,2.143
2016-11-23,2.134
2016-11-24,2.129
2016-11-25,2.138
2016-11-28,2.147
2016-11-29,2.132
2016-11-30,2.126
2016-12-01,2.146
2016-12-02,2.116
2016-12-05,2.111
2016-12-06,2.11
2016-12-07,2.135
2016-12-08,2.122
2016-12-09,2.121
2016-12-12,2.041
2016-12-13,2.053
2016-12-14,2.038
2016-12-15,2.048
2016-12-16,2.063
2016-12-19,2.065
2016-12-20,2.057
2016-12-21,2.068
2016-12-22,2.065
2016-12-23,2.046
2016-12-26,2.049
2016-12-27,2.047
2016-12-28,2.043
2016-12-29,2.04
2016-12-30,2.042
2016-12-31,2.042
2017-01-03,2.06
2017-01-04,2.085
2017-01-05,2.086
2017-01-06,2.077
2017-01-09,2.09
2017-01-10,2.085
2017-01-11,2.067
2017-01-12,2.049
2017-01-13,2.024
2017-01-16,1.981
2017-01-17,2.0
2017-01-18,1.999
2017-01-19,1.994
2017-01-20,2.016
2017-01-23,2.031
2017-01-24,2.027
2017-01-25,2.034
2017-01-26,2.05
2017-02-03,2.04
2017-02-06,2.056
2017-02-07,2.055
2017-02-08,2.066
2017-02-09,2.08
2017-02-10,2.085
2017-02-13,2.093
2017-02-14,2.096
2017-02-15,2.071
2017-02-16,2.087
2017-02-17,2.069
2017-02-20,2.096
2017-02-21,2.114
2017-02-22,2.129
2017-02-23,2.13
2017-02-24,2.128
2017-02-27,2.112
2017-02-28,2.122
2017-03-01,2.127
2017-03-02,2.116
2017-03-03,2.119
2017-03-06,2.138
2017-03-07,2.136
2017-03-08,2.129
2017-03-09,2.113
2017-03-10,2.119
2017-03-13,2.137
2017-03-14,2.138
2017-03-15,2.135
2017-03-16,2.158
2017-03-17,2.143
2017-03-20,2.148
2017-03-21,2.152
2017-03-22,2.148
2017-03-23,2.151
2017-03-24,2.168
2017-03-27,2.158
2017-03-28,2.152
2017-03-29,2.145
2017-03-30,2.114
2017-03-31,2.122
2017-04-05,2.165
2017-04-06,2.175
2017-04-07,2.186
2017-04-10,2.184
2017-04-11,2.199
2017-04-12,2.179
2017-04-13,2.194
2017-04-14,2.165
2017-04-17,2.146
2017-04-18,2.134
2017-04-19,2.116
2017-04-20,2.121
2017-04-21,2.107
2017-04-24,2.061
2017-04-25,2.067
2017-04-26,2.076
2017-04-27,2.085
2017-04-28,2.096
2017-05-02,2.094
2017-05-03,2.086
2017-05-04,2.075
2017-05-05,2.048
2017-05-08,2.013
2017-05-09,2.027
2017-05-10,1.994
2017-05-11,1.992
2017-05-12,1.986
2017-05-15,1.995
2017-05-16,2.032
2017-05-17,2.033
2017-05-18,2.02
2017-05-19,2.014
2017-05-22,1.988
2017-05-23,1.946
2017-05-24,1.955
2017-05-25,1.966
2017-05-26,1.961
2017-05-31,1.956
2017-06-01,1.913
2017-06-02,1.93
2017-06-05,1.944
2017-06-06,1.951
2017-06-07,1.986
2017-06-08,1.985
2017-06-09,1.99
2017-06-12,1.97
2017-06-13,1.995
2017-06-14,1.99
2017-06-15,2.012
2017-06-16,2.011
2017-06-19,2.023
2017-06-20,2.03
2017-06-21,2.033
2017-06-22,2.004
2017-06-23,2.01
2017-06-26,2.052
2017-06-27,2.052
2017-06-28,2.047
2017-06-29,2.058
2017-06-30,2.065
2017-07-03,2.09
2017-07-04,2.079
2017-07-05,2.097
2017-07-06,2.1
2017-07-07,2.118
2017-07-10,2.116
2017-07-11,2.09
2017-07-12,2.096
2017-07-13,2.099
2017-07-14,2.091
2017-07-17,2.015
2017-07-18,2.038
2017-07-19,2.079
2017-07-20,2.096
2017-07-21,2.102
2017-07-24,2.117
2017-07-25,2.111
2017-07-26,2.113
2017-07-27,2.118
2017-07-28,2.129
2017-07-31,2.16
2017-08-01,2.154
2017-08-02,2.146
2017-08-03,2.155
2017-08-04,2.144
2017-08-07,2.168
2017-08-08,2.17
2017-08-09,2.183
2017-08-10,2.169
2017-08-11,2.118
2017-08-14,2.154
2017-08-15,2.16
2017-08-16,2.162
2017-08-17,2.176
2017-08-18,2.173
2017-08-21,2.187
2017-08-22,2.182
2017-08-23,2.164
2017-08-24,2.149
2017-08-25,2.178
2017-08-28,2.202
2017-08-29,2.197
2017-08-30,2.213
2017-08-31,2.216
2017-09-01,2.237
2017-09-04,2.249
2017-09-05,2.25
2017-09-06,2.26
2017-09-07,2.248
2017-09-08,2.253
2017-09-11,2.271
2017-09-12,2.265
2017-09-13,2.277
2017-09-14,2.274
2017-09-15,2.256
2017-09-18,2.282
2017-09-19,2.275
2017-09-20,2.298
2017-09-21,2.281
2017-09-22,2.267
2017-09-25,2.242
2017-09-26,2.246
2017-09-27,2.267
2017-09-28,2.262
2017-09-29,2.281
2017-10-09,2.316
2017-10-10,2.328
2017-10-11,2.315
2017-10-12,2.312
2017-10-13,2.332
2017-10-16,2.306
2017-10-17,2.306
2017-10-18,2.291
2017-10-19,2.267
2017-10-20,2.289
2017-10-23,2.306
2017-10-24,2.305
2017-10-25,2.324
2017-10-26,2.338
2017-10-27,2.324
2017-10-30,2.291
2017-10-31,2.303
2017-11-01,2.298
2017-11-02,2.273
2017-11-03,2.254
2017-11-06,2.285
2017-11-07,2.294
2017-11-08,2.296
2017-11-09,2.31
2017-11-10,2.328
2017-11-13,2.344
2017-11-14,2.328
2017-11-15,2.31
2017-11-16,2.325
2017-11-17,2.259
2017-11-20,2.283
2017-11-21,2.291
2017-11-22,2.279
2017-11-23,2.227
2017-11-24,2.224
2017-11-27,2.196
2017-11-28,2.235
2017-11-29,2.254
2017-11-30,2.237
2017-12-01,2.254
2017-12-04,2.248
2017-12-05,2.199
2017-12-06,2.207
2017-12-07,2.191
2017-12-08,2.215
2017-12-11,2.245
2017-12-12,2.225
2017-12-13,2.237
2017-12-14,2.238
2017-12-15,2.215
2017-12-18,2.205
2017-12-19,2.225
2017-12-20,2.208
2017-12-21,2.221
2017-12-22,2.22
2017-12-25,2.2
2017-12-26,2.216
2017-12-27,2.198
2017-12-28,2.209
2017-12-29,2.23
2017-12-31,2.23
2018-01-02,2.255
2018-01-03,2.273
2018-01-04,2.285
2018-01-05,2.293
2018-01-08,2.312
2018-01-09,2.309
2018-01-10,2.303
2018-01-11,2.305
2018-01-12,2.297
2018-01-15,2.257
2018-01-16,2.279
2018-01-17,2.255
2018-01-18,2.265
2018-01-19,2.257
2018-01-22,2.284
2018-01-23,2.29
2018-01-24,2.295
2018-01-25,2.293
2018-01-26,2.297
2018-01-29,2.282
2018-01-30,2.288
2018-01-31,2.257
2018-02-01,2.193
2018-02-02,2.207
2018-02-05,2.206
2018-02-06,2.099
2018-02-07,2.095
2018-02-08,2.11
2018-02-09,2.036
2018-02-12,2.078
2018-02-13,2.092
2018-02-14,2.098
2018-02-22,2.148
2018-02-23,2.16
2018-02-26,2.205
2018-02-27,2.193
2018-02-28,2.197
2018-03-01,2.218
2018-03-02,2.206
2018-03-05,2.204
2018-03-06,2.238
2018-03-07,2.213
2018-03-08,2.229
2018-03-09,2.252
2018-03-12,2.284
2018-03-13,2.268
2018-03-14,2.249
2018-03-15,2.237
2018-03-16,2.223
2018-03-19,2.213
2018-03-20,2.215
2018-03-21,2.199
2018-03-22,2.186
2018-03-23,2.062
2018-03-26,2.097
2018-03-27,2.14
2018-03-28,2.114
2018-03-29,2.142
2018-03-30,2.167
2018-04-02,2.168
2018-04-03,2.151
2018-04-04,2.135
2018-04-09,2.133
2018-04-10,2.156
2018-04-11,2.169
2018-04-12,2.161
2018-04-13,2.152
2018-04-16,2.141
2018-04-17,2.092
2018-04-18,2.118
2018-04-19,2.137
2018-04-20,2.099
2018-04-23,2.084
2018-04-24,2.133
2018-04-25,2.141
2018-04-26,2.109
2018-04-27,2.114
2018-05-02,2.122
2018-05-03,2.143
2018-05-04,2.15
2018-05-07,2.191
2018-05-08,2.197
2018-05-09,2.194
2018-05-10,2.2
2018-05-11,2.177
2018-05-14,2.179
2018-05-15,2.203
2018-05-16,2.196
2018-05-17,2.186
2018-05-18,2.194
2018-05-21,2.221
2018-05-22,2.232
2018-05-23,2.203
2018-05-24,2.193
2018-05-25,2.175
2018-05-28,2.167
2018-05-29,2.141
2018-05-30,2.092
2018-05-31,2.121
2018-06-01,2.094
2018-06-04,2.094
2018-06-05,2.126
2018-06-06,2.129
2018-06-07,2.116
2018-06-08,2.095
2018-06-11,2.081
2018-06-12,2.109
2018-06-13,2.079
2018-06-14,2.075
2018-06-15,2.039
2018-06-19,1.943
2018-06-20,1.972
2018-06-21,1.941
2018-06-22,1.972
2018-06-25,1.962
2018-06-26,1.97
2018-06-27,1.947
2018-06-28,1.929
2018-06-29,1.99
2018-06-30,1.99
2018-07-02,1.957
2018-07-03,1.978
2018-07-04,1.947
2018-07-05,1.894
2018-07-06,1.896
2018-07-09,1.943
2018-07-10,1.959
2018-07-11,1.923
2018-07-12,1.977
2018-07-13,1.996
2018-07-16,1.994
2018-07-17,1.992
2018-07-18,1.974
2018-07-19,1.957
2018-07-20,1.978
2018-07-23,1.993
2018-07-24,2.026
2018-07-25,2.029
2018-07-26,2.008
2018-07-27,2.001
2018-07-30,1.984
2018-07-31,1.985
2018-08-01,1.949
2018-08-02,1.915
2018-08-03,1.897
2018-08-06,1.855
2018-08-07,1.902
2018-08-08,1.872
2018-08-09,1.919
2018-08-10,1.927
2018-08-13,1.938
2018-08-14,1.929
2018-08-15,1.893
2018-08-16,1.875
2018-08-17,1.846
2018-08-20,1.857
2018-08-21,1.88
2018-08-22,1.862
2018-08-23,1.868
2018-08-24,1.862
2018-08-27,1.907
2018-08-28,1.913
2018-08-29,1.901
2018-08-30,1.874
2018-08-31,1.856
2018-09-03,1.863
2018-09-04,1.878
2018-09-05,1.846
2018-09-06,1.836
2018-09-07,1.837
2018-09-10,1.805
2018-09-11,1.8
2018-09-12,1.793
2018-09-13,1.806
2018-09-14,1.788
2018-09-17,1.762
2018-09-18,1.796
2018-09-19,1.818
2018-09-20,1.816
2018-09-21,1.844
2018-09-25,1.836
2018-09-26,1.845
2018-09-27,1.83
2018-09-28,1.846
2018-10-08,1.785
2018-10-09,1.785
2018-10-10,1.785
2018-10-11,1.673
2018-10-12,1.671
2018-10-15,1.64
2018-10-16,1.601
2018-10-17,1.611
2018-10-18,1.568
2018-10-19,1.618
2018-10-22,1.697
2018-10-23,1.666
2018-10-24,1.659
2018-10-25,1.657
2018-10-26,1.651
2018-10-29,1.621
2018-10-30,1.636
2018-10-31,1.66
2018-11-01,1.671
2018-11-02,1.723
2018-11-05,1.722
2018-11-06,1.723
2018-11-07,1.715
2018-11-08,1.699
2018-11-09,1.697
2018-11-12,1.734
2018-11-13,1.758
2018-11-14,1.748
2018-11-15,1.591
2018-11-16,1.602
2018-11-19,1.609
2018-11-20,1.567
2018-11-21,1.571
2018-11-22,1.567
2018-11-23,1.516
2018-11-26,1.511
2018-11-27,1.518
2018-11-28,1.537
2018-11-29,1.508
2018-11-30,1.518
2018-12-03,1.561
2018-12-04,1.567
2018-12-05,1.561
2018-12-06,1.528
2018-12-07,1.528
2018-12-10,1.511
2018-12-11,1.522
2018-12-12,1.524
2018-12-13,1.543
2018-12-14,1.511
2018-12-17,1.502
2018-12-18,1.492
2018-12-19,1.47
2018-12-20,1.474
2018-12-21,1.465
2018-12-24,1.48
2018-12-25,1.465
2018-12-26,1.459
2018-12-27,1.444
2018-12-28,1.444
2018-12-31,1.444
2019-01-02,1.428
2019-01-03,1.419
2019-01-04,1.452
2019-01-07,1.475
2019-01-08,1.472
2019-01-09,1.477
2019-01-10,1.476
2019-01-11,1.485
2019-01-14,1.477
2019-01-15,1.497
2019-01-16,1.496
2019-01-17,1.484
2019-01-18,1.501
2019-01-21,1.512
2019-01-22,1.492
2019-01-23,1.497
2019-01-24,1.503
2019-01-25,1.504
2019-01-28,1.504
2019-01-29,1.494
2019-01-30,1.485
2019-01-31,1.475
2019-02-01,1.506
2019-02-11,1.543
2019-02-12,1.555
2019-02-13,1.574
2019-02-14,1.579
2019-02-15,1.568
2019-02-18,1.621
2019-02-19,1.619
2019-02-20,1.622
2019-02-21,1.616
2019-02-22,1.651
2019-02-25,1.728
2019-02-26,1.726
2019-02-27,1.714
2019-02-28,1.723
2019-03-01,1.737
2019-03-04,1.765
2019-03-05,1.805
2019-03-06,1.828
2019-03-07,1.832
2019-03-08,1.766
2019-03-11,1.841
2019-03-12,1.869
2019-03-13,1.833
2019-03-14,1.801
2019-03-15,1.824
2019-03-18,1.874
2019-03-19,1.88
2019-03-20,1.88
2019-03-21,1.899
2019-03-22,1.91
2019-03-25,1.888
2019-03-26,1.841
2019-03-27,1.862
2019-03-28,1.836
2019-03-29,1.895
2019-04-01,1.966
2019-04-02,1.972
2019-04-03,1.992
2019-04-04,2.0
2019-04-08,1.995
2019-04-09,1.998
2019-04-10,1.997
2019-04-11,1.955
2019-04-12,1.956
2019-04-15,1.939
2019-04-16,1.975
2019-04-17,1.978
2019-04-18,1.97
2019-04-19,1.98
2019-04-22,1.949
2019-04-23,1.916
2019-04-24,1.934
2019-04-25,1.869
2019-04-26,1.855
2019-04-29,1.819
2019-04-30,1.832
2019-05-06,1.707
2019-05-07,1.724
2019-05-08,1.715
2019-05-09,1.696
2019-05-10,1.75
2019-05-13,1.729
2019-05-14,1.718
2019-05-15,1.754
2019-05-16,1.765
2019-05-17,1.714
2019-05-20,1.701
2019-05-21,1.728
2019-05-22,1.718
2019-05-23,1.687
2019-05-24,1.678
2019-05-27,1.716
2019-05-28,1.714
2019-05-29,1.716
2019-05-30,1.706
2019-05-31,1.706
2019-06-03,1.686
2019-06-04,1.671
2019-06-05,1.666
2019-06-06,1.636
2019-06-10,1.65
2019-06-11,1.706
2019-06-12,1.694
2019-06-13,1.698
2019-06-14,1.671
2019-06-17,1.667
2019-06-18,1.664
2019-06-19,1.684
2019-06-20,1.717
2019-06-21,1.743
2019-06-24,1.743
2019-06-25,1.727
2019-06-26,1.726
2019-06-27,1.744
2019-06-28,1.727
2019-06-30,1.727
2019-07-01,1.776
2019-07-02,1.773
2019-07-03,1.763
2019-07-04,1.759
2019-07-05,1.769
2019-07-08,1.719
2019-07-09,1.725
2019-07-10,1.71
2019-07-11,1.713
2019-07-12,1.72
2019-07-15,1.74
2019-07-16,1.744
2019-07-17,1.743
2019-07-18,1.716
2019-07-19,1.728
2019-07-22,1.704
2019-07-23,1.719
2019-07-24,1.733
2019-07-25,1.735
2019-07-26,1.74
2019-07-29,1.739
2019-07-30,1.748
2019-07-31,1.742
2019-08-01,1.734
2019-08-02,1.716
2019-08-05,1.697
2019-08-06,1.667
2019-08-07,1.659
2019-08-08,1.669
2019-08-09,1.652
2019-08-12,1.682
2019-08-13,1.673
2019-08-14,1.685
2019-08-15,1.693
2019-08-16,1.697
2019-08-19,1.747
2019-08-20,1.744
2019-08-21,1.752
2019-08-22,1.752
2019-08-23,1.755
2019-08-26,1.743
2019-08-27,1.77
2019-08-28,1.766
2019-08-29,1.768
2019-08-30,1.752
2019-09-02,1.796
2019-09-03,1.804
2019-09-04,1.822
2019-09-05,1.834
2019-09-06,1.838
2019-09-09,1.876
2019-09-10,1.87
2019-09-11,1.862
2019-09-12,1.87
2019-09-16,1.872
2019-09-17,1.842
2019-09-18,1.843
2019-09-19,1.664
2019-09-20,1.667
2019-09-23,1.658
2019-09-24,1.66
2019-09-25,1.637
2019-09-26,1.6
2019-09-27,1.613
2019-09-30,1.594
2019-10-08,1.595
2019-10-09,1.613
2019-10-10,1.634
2019-10-11,1.643
2019-10-14,1.668
2019-10-15,1.647
2019-10-16,1.639
2019-10-17,1.634
2019-10-18,1.613
2019-10-21,1.611
2019-10-22,1.627
2019-10-23,1.616
2019-10-24,1.614
2019-10-25,1.629
2019-10-28,1.655
2019-10-29,1.632
2019-10-30,1.609
2019-10-31,1.597
2019-11-01,1.61
2019-11-04,1.616
2019-11-05,1.627
2019-11-06,1.611
2019-11-07,1.62
2019-11-08,1.61
2019-11-11,1.574
2019-11-12,1.575
2019-11-13,1.577
2019-11-14,1.589
2019-11-15,1.576
2019-11-18,1.587
2019-11-19,1.614
2019-11-20,1.605
2019-11-21,1.605
2019-11-22,1.588
2019-11-25,1.593
2019-11-26,1.59
2019-11-27,1.594
2019-11-28,1.586
2019-11-29,1.59
2019-12-02,1.592
2019-12-03,1.601
2019-12-04,1.599
2019-12-05,1.612
2019-12-06,1.623
2019-12-09,1.63
2019-12-10,1.636
2019-12-11,1.633
2019-12-12,1.629
2019-12-13,1.65
2019-12-16,1.679
2019-12-17,1.697
2019-12-18,1.694
2019-12-19,1.695
2019-12-20,1.679
2019-12-23,1.648
2019-12-24,1.668
2019-12-25,1.674
2019-12-26,1.684
2019-12-27,1.674
2019-12-30,1.694
2019-12-31,1.704
2020-01-02,1.735
2020-01-03,1.736
2020-01-06,1.749
2020-01-07,1.771
2020-01-08,1.749
2020-01-09,1.771
2020-01-10,1.773
2020-01-13,1.798
2020-01-14,1.794
2020-01-15,1.793
2020-01-16,1.795
2020-01-17,1.792
2020-01-20,1.818
2020-01-21,1.801
2020-01-22,1.816
2020-01-23,1.758
2020-02-03,1.617
2020-02-04,1.651
2020-02-05,1.682
2020-02-06,1.729
2020-02-07,1.741
2020-02-10,1.759
2020-02-11,1.756
2020-02-12,1.777
2020-02-13,1.766
2020-02-14,1.769
2020-02-17,1.822
2020-02-18,1.84
2020-02-19,1.831
2020-02-20,1.863
2020-02-21,1.887
2020-02-24,1.911
2020-02-25,1.926
2020-02-26,1.883
2020-02-27,1.889
2020-02-28,1.801
2020-03-02,1.864
2020-03-03,1.883
2020-03-04,1.89
2020-03-05,1.917
2020-03-06,1.9
2020-03-09,1.823
2020-03-10,1.867
2020-03-11,1.836
2020-03-12,1.802
2020-03-13,1.789
2020-03-16,1.706
2020-03-17,1.715
2020-03-18,1.69
2020-03-19,1.702
2020-03-20,1.725
2020-03-23,1.658
2020-03-24,1.682
2020-03-25,1.718
2020-03-26,1.704
2020-03-27,1.701
2020-03-30,1.669
2020-03-31,1.676
2020-04-01,1.67
2020-04-02,1.709
2020-04-03,1.695
2020-04-07,1.744
2020-04-08,1.748
2020-04-09,1.757
2020-04-10,1.728
2020-04-13,1.72
2020-04-14,1.755
2020-04-15,1.748
2020-04-16,1.759
2020-04-17,1.761
2020-04-20,1.783
2020-04-21,1.769
2020-04-22,1.784
2020-04-23,1.778
2020-04-24,1.749
2020-04-27,1.748
2020-04-28,1.743
2020-04-29,1.745
2020-04-30,1.776
2020-05-06,1.803
2020-05-07,1.798
2020-05-08,1.814
2020-05-11,1.818
2020-05-12,1.819
2020-05-13,1.827
2020-05-14,1.807
2020-05-15,1.812
2020-05-18,1.807
2020-05-19,1.829
2020-05-20,1.807
2020-05-21,1.79
2020-05-22,1.759
2020-05-25,1.758
2020-05-26,1.793
2020-05-27,1.773
2020-05-28,1.773
2020-05-29,1.787
2020-06-01,1.837
2020-06-02,1.835
2020-06-03,1.836
2020-06-04,1.836
2020-06-05,1.839
2020-06-08,1.835
2020-06-09,1.851
2020-06-10,1.858
2020-06-11,1.851
2020-06-12,1.857
2020-06-15,1.856
2020-06-16,1.886
2020-06-17,1.9
2020-06-18,1.902
2020-06-19,1.921
2020-06-22,1.918
2020-06-23,1.932
2020-06-24,1.937
2020-06-29,1.934
2020-06-30,1.965
2020-07-01,1.968
2020-07-02,1.995
2020-07-03,2.02
2020-07-06,2.095
2020-07-07,2.127
2020-07-08,2.173
2020-07-09,2.236
2020-07-10,2.228
2020-07-13,2.299
2020-07-14,2.278
2020-07-15,2.216
2020-07-16,2.117
2020-07-17,2.132
2020-07-20,2.198
2020-07-21,2.201
2020-07-22,2.222
2020-07-23,2.227
2020-07-24,2.115
2020-07-27,2.128
2020-07-28,2.15
2020-07-29,2.21
2020-07-30,2.207
2020-07-31,2.225
2020-08-03,2.277
2020-08-04,2.261
2020-08-05,2.291
2020-08-06,2.29
2020-08-07,2.266
2020-08-10,2.274
2020-08-11,2.228
2020-08-12,2.198
2020-08-13,2.203
2020-08-14,2.228
2020-08-17,2.272
2020-08-18,2.285
2020-08-19,2.247
2020-08-20,2.23
2020-08-21,2.246
2020-08-24,2.261
2020-08-25,2.252
2020-08-26,2.217
2020-08-27,2.231
2020-08-28,2.266
2020-08-31,2.255
2020-09-01,2.271
2020-09-02,2.263
2020-09-03,2.245
2020-09-04,2.221
2020-09-07,2.169
2020-09-08,2.176
2020-09-09,2.122
2020-09-10,2.093
2020-09-11,2.121
2020-09-14,2.13
2020-09-15,2.148
2020-09-16,2.139
2020-09-17,2.143
2020-09-18,2.179
2020-09-21,2.172
2020-09-22,2.152
2020-09-23,2.159
2020-09-24,2.112
2020-09-25,2.113
2020-09-28,2.098
2020-09-29,2.122
2020-09-30,2.116
2020-10-09,2.169
2020-10-12,2.227
2020-10-13,2.234
2020-10-14,2.228
2020-10-15,2.215
2020-10-16,2.206
2020-10-19,2.175
2020-10-20,2.191
2020-10-21,2.161
2020-10-22,2.143
2020-10-23,2.103
2020-10-26,2.11
2020-10-27,2.111
2020-10-28,2.117
2020-10-29,2.123
2020-10-30,2.075
2020-11-02,2.083
2020-11-03,2.108
2020-11-04,2.101
2020-11-05,2.144
2020-11-06,2.128
2020-11-09,2.163
2020-11-10,2.134
2020-11-11,2.109
2020-11-12,2.112
2020-11-13,2.108
2020-11-16,2.129
2020-11-17,2.114
2020-11-18,2.115
2020-11-19,2.122
2020-11-20,2.141
2020-11-23,2.159
2020-11-24,2.162
2020-11-25,2.125
2020-11-26,2.121
2020-11-27,2.129
2020-11-30,2.119
2020-12-01,2.154
2020-12-02,2.162
2020-12-03,2.155
2020-12-04,2.165
2020-12-07,2.159
2020-12-08,2.158
2020-12-09,2.13
2020-12-10,2.146
2020-12-11,2.116
2020-12-14,2.133
2020-12-15,2.138
2020-12-16,2.129
2020-12-17,2.153
2020-12-18,2.144
2020-12-21,2.18
2020-12-22,2.135
2020-12-23,2.158
2020-12-24,2.134
2020-12-25,2.157
2020-12-28,2.148
2020-12-29,2.136
2020-12-30,2.163
2020-12-31,2.202
2021-01-04,2.247
2021-01-05,2.266
2021-01-06,2.267
2021-01-07,2.27
2021-01-08,2.268
2021-01-11,2.232
2021-01-12,2.263
2021-01-13,2.263
2021-01-14,2.249
2021-01-15,2.242
2021-01-18,2.283
2021-01-19,2.264
2021-01-20,2.289
2021-01-21,2.32
2021-01-22,2.327
2021-01-25,2.329
2021-01-26,2.295
2021-01-27,2.307
2021-01-28,2.25
2021-01-29,2.237
2021-02-01,2.261
2021-02-02,2.287
2021-02-03,2.27
2021-02-04,2.241
2021-02-05,2.213
2021-02-08,2.242
2021-02-09,2.296
2021-02-10,2.316
2021-02-18,2.34
2021-02-19,2.363
2021-02-22,2.337
2021-02-23,2.329
2021-02-24,2.292
2021-02-25,2.288
2021-02-26,2.238
2021-03-01,2.287
2021-03-02,2.266
2021-03-03,2.297
2021-03-04,2.253
2021-03-05,2.247
2021-03-08,2.194
2021-03-09,2.143
2021-03-10,2.137
2021-03-11,2.191
2021-03-12,2.203
2021-03-15,2.183
2021-03-16,2.184
2021-03-17,2.202
2021-03-18,2.225
2021-03-19,2.202
2021-03-22,2.233
2021-03-23,2.199
2021-03-24,2.16
2021-03-25,2.165
2021-03-26,2.203
2021-03-29,2.21
2021-03-30,2.221
2021-03-31,2.219
2021-04-01,2.237
2021-04-02,2.24
2021-04-06,2.247
2021-04-07,2.251
2021-04-08,2.253
2021-04-09,2.243
2021-04-12,2.196
2021-04-13,2.191
2021-04-14,2.213
2021-04-15,2.214
2021-04-16,2.229
2021-04-19,2.255
2021-04-20,2.256
2021-04-21,2.256
2021-04-22,2.27
2021-04-23,2.281
2021-04-26,2.277
2021-04-27,2.287
2021-04-28,2.301
2021-04-29,2.306
2021-04-30,2.304
2021-05-06,2.296
2021-05-07,2.276
2021-05-10,2.276
2021-05-11,2.266
2021-05-12,2.285
2021-05-13,2.266
2021-05-14,2.294
2021-05-17,2.314
2021-05-18,2.315
2021-05-19,2.308
