2020-04-30, sz159915, 106.1800745871071
2020-04-30, sz159992, 101.36186770428014
2020-04-30, sh512690, 105.61998215878678
2020-05-06, 执行买入，sz159915，价格：1.98，花费：194721.12，手续费：29.21
2020-05-06, sz159915, 109.49811117107393
2020-05-06, sz159992, 101.73243503368623
2020-05-06, sh512690, 107.34109221128023
2020-05-07, sz159915, 106.07647983237297
2020-05-07, sz159992, 100.664767331434
2020-05-07, sh512690, 106.88437775816418
2020-05-08, 执行卖出，sz159915，价格：2.04，花费：194721.12，手续费：30.02
2020-05-08, 执行买入，sh512690，价格：1.21，花费：200804.10，手续费：30.12
2020-05-08, 营业利润，毛利润：5408.92，净利润：5349.69
2020-05-08, sz159915, 107.53027909426012
2020-05-08, sz159992, 102.19675262655205
2020-05-08, sh512690, 108.61456483126113
2020-05-11, sz159915, 104.76190476190477
2020-05-11, sz159992, 101.23809523809524
2020-05-11, sh512690, 109.26916221033866
2020-05-12, sz159915, 105.14668039114771
2020-05-12, sz159992, 103.06807286673059
2020-05-12, sh512690, 109.29203539823011
2020-05-13, sz159915, 104.52006094464194
2020-05-13, sz159992, 103.20452403393026
2020-05-13, sh512690, 111.66666666666667
2020-05-14, sz159915, 104.46382760389943
2020-05-14, sz159992, 103.60189573459715
2020-05-14, sh512690, 113.68515205724505
2020-05-15, sz159915, 103.8129130655821
2020-05-15, sz159992, 102.4436090225564
2020-05-15, sh512690, 109.83463881636206
2020-05-18, sz159915, 104.51050743208611
2020-05-18, sz159992, 103.38345864661656
2020-05-18, sh512690, 112.22896790980053
2020-05-19, sz159915, 106.78756476683937
2020-05-19, sz159992, 105.81506196377504
2020-05-19, sh512690, 111.29170230966636
2020-05-20, sz159915, 105.26044352759155
2020-05-20, sz159992, 103.67577756833177
2020-05-20, sh512690, 111.02497846683892
2020-05-21, sz159915, 103.5366478728857
2020-05-21, sz159992, 103.86427898209239
2020-05-21, sh512690, 109.23593618807723
2020-05-22, sz159915, 101.02459016393443
2020-05-22, sz159992, 102.19675262655205
2020-05-22, sh512690, 106.98466780238502
2020-05-25, sz159915, 99.09683893627697
2020-05-25, sz159992, 104.12667946257197
2020-05-25, sh512690, 108.53040540540539
2020-05-26, sz159915, 100.44356826022671
2020-05-26, sz159992, 105.01419110690635
2020-05-26, sh512690, 108.50708924103418
2020-05-27, sz159915, 98.61728395061729
2020-05-27, sz159992, 102.64150943396227
2020-05-27, sh512690, 106.68868703550784
2020-05-28, sz159915, 97.06170421155731
2020-05-28, sz159992, 100.28037383177568
2020-05-28, sh512690, 107.0318887980376
2020-05-29, sz159915, 99.11067193675888
2020-05-29, sz159992, 102.6340545625588
2020-05-29, sh512690, 108.31973898858077
2020-06-01, sz159915, 101.90895741556534
2020-06-01, sz159992, 102.88372093023257
2020-06-01, sh512690, 110.36437246963561
2020-06-02, sz159915, 100.43731778425658
2020-06-02, sz159992, 100.0
2020-06-02, sh512690, 105.26315789473686
2020-06-03, sz159915, 101.17878192534381
2020-06-03, sz159992, 100.36596523330283
2020-06-03, sh512690, 105.50747442958301
2020-06-04, sz159915, 101.5181194906954
2020-06-04, sz159992, 101.37614678899081
2020-06-04, sh512690, 108.39936608557845
2020-06-05, sz159915, 102.35409514467877
2020-06-05, sz159992, 101.7272727272727
2020-06-05, sh512690, 107.03245749613602
2020-06-08, sz159915, 100.58224163027656
2020-06-08, sz159992, 99.81981981981983
2020-06-08, sh512690, 106.61029976940814
2020-06-09, sz159915, 102.98873101420871
2020-06-09, sz159992, 102.7272727272727
2020-06-09, sh512690, 108.68890612878201
2020-06-10, sz159915, 105.04950495049505
2020-06-10, sz159992, 104.1742286751361
2020-06-10, sh512690, 108.1475787855496
2020-06-11, sz159915, 107.45436105476675
2020-06-11, sz159992, 106.54205607476635
2020-06-11, sh512690, 110.03184713375795
2020-06-12, sz159915, 108.40506329113924
2020-06-12, sz159992, 106.54377880184332
2020-06-12, sh512690, 108.0933852140078
2020-06-15, 执行卖出，sh512690，价格：1.38，花费：200804.10，手续费：34.26
2020-06-15, 执行买入，sz159915，价格：2.14，花费：229793.89，手续费：34.47
2020-06-15, 营业利润，毛利润：27622.97，净利润：27558.58
2020-06-15, sz159915, 105.05397448478901
2020-06-15, sz159992, 104.41441441441441
2020-06-15, sh512690, 104.61183704842429
2020-06-16, sz159915, 109.31397095643464
2020-06-16, sz159992, 108.91544117647058
2020-06-16, sh512690, 107.35294117647058
2020-06-17, sz159915, 110.39354187689203
2020-06-17, sz159992, 113.1407269338304
2020-06-17, sh512690, 104.58365164247519
2020-06-18, 执行卖出，sz159915，价格：2.19，花费：229793.89，手续费：35.18
2020-06-18, 执行买入，sz159992，价格：1.21，花费：232944.75，手续费：34.94
2020-06-18, 营业利润，毛利润：4718.12，净利润：4648.47
2020-06-18, sz159915, 109.37188434695912
2020-06-18, sz159992, 108.89092575618697
2020-06-18, sh512690, 103.2379518072289
2020-06-19, 执行卖出，sz159992，价格：1.18，花费：232944.75，手续费：33.96
2020-06-19, 执行买入，sz159915，价格：2.20，花费：228089.74，手续费：34.21
2020-06-19, 营业利润，毛利润：-6523.99，净利润：-6592.89
2020-06-19, sz159915, 107.492795389049
2020-06-19, sz159992, 109.94575045207955
2020-06-19, sh512690, 103.08143800440206
2020-06-22, 执行卖出，sz159915，价格：2.25，花费：228089.74，手续费：34.99
2020-06-22, 执行买入，sz159992，价格：1.22，花费：230964.47，手续费：34.64
2020-06-22, 营业利润，毛利润：5193.30，净利润：5124.09
2020-06-22, sz159915, 109.48234155781324
2020-06-22, sz159992, 112.14611872146119
2020-06-22, sh512690, 105.52238805970148
2020-06-23, sz159915, 111.99029126213591
2020-06-23, sz159992, 114.94986326344576
2020-06-23, sh512690, 108.7248322147651
2020-06-24, sz159915, 111.28798842257596
2020-06-24, sz159992, 112.8506787330317
2020-06-24, sh512690, 106.50584795321637
2020-06-29, sz159915, 109.96645903210349
2020-06-29, sz159992, 112.42180518319928
2020-06-29, sh512690, 105.34296028880867
2020-06-30, sz159915, 113.79643029425952
2020-06-30, sz159992, 115.70397111913357
2020-06-30, sh512690, 108.21917808219177
2020-07-01, sz159915, 111.41769743101808
2020-07-01, sz159992, 111.94690265486726
2020-07-01, sh512690, 113.49036402569594
2020-07-02, 执行卖出，sz159992，价格：1.26，花费：230964.47，手续费：35.98
2020-07-02, 执行买入，sh512690，价格：1.58，花费：238405.32，手续费：35.76
2020-07-02, 营业利润，毛利润：8912.42，净利润：8841.80
2020-07-02, sz159915, 110.7445805843544
2020-07-02, sz159992, 109.3205574912892
2020-07-02, sh512690, 114.78322672352523
2020-07-03, sz159915, 112.31713072203868
2020-07-03, sz159992, 111.14035087719299
2020-07-03, sh512690, 115.62952243125906
2020-07-06, sz159915, 114.43250817375059
2020-07-06, sz159992, 109.86159169550174
2020-07-06, sh512690, 117.92656587473
2020-07-07, sz159915, 116.90798692199907
2020-07-07, sz159992, 112.33822260569457
2020-07-07, sh512690, 122.99779573842761
2020-07-08, sz159915, 117.91113147045351
2020-07-08, sz159992, 110.042194092827
2020-07-08, sh512690, 121.12472963229992
2020-07-09, sz159915, 122.21206581352833
2020-07-09, sz159992, 112.19110378912687
2020-07-09, sh512690, 124.47041636230824
2020-07-10, sz159915, 122.3792160437557
2020-07-10, sz159992, 116.16161616161615
2020-07-10, sh512690, 125.74762946754194
2020-07-13, sz159915, 125.20107238605898
2020-07-13, sz159992, 119.49013157894737
2020-07-13, sh512690, 130.8185053380783
2020-07-14, sz159915, 122.27132125497128
2020-07-14, sz159992, 118.15960912052117
2020-07-14, sh512690, 128.64214992927865
2020-07-15, sz159915, 117.98872995231903
2020-07-15, sz159992, 116.65344964314038
2020-07-15, sh512690, 127.29766803840879
2020-07-16, sz159915, 110.87993064586041
2020-07-16, sz159992, 110.10425020048113
2020-07-16, sh512690, 116.33493479752917
2020-07-17, sz159915, 112.54901960784316
2020-07-17, sz159992, 111.20826709062004
2020-07-17, sh512690, 115.55860178204249
2020-07-20, sz159915, 110.68249258160239
2020-07-20, sz159992, 108.73634945397814
2020-07-20, sh512690, 111.52564956695537
2020-07-21, sz159915, 112.85226302305719
2020-07-21, sz159992, 114.54545454545455
2020-07-21, sh512690, 107.42138364779873
2020-07-22, 执行卖出，sh512690，价格：1.70，花费：238405.32，手续费：38.50
2020-07-22, 执行买入，sz159992，价格：1.44，花费：256937.04，手续费：38.54
2020-07-22, 营业利润，毛利润：18269.18，净利润：18194.92
2020-07-22, sz159915, 113.95744680851064
2020-07-22, sz159992, 117.68924302788845
2020-07-22, sh512690, 107.73993808049536
2020-07-23, sz159915, 113.69747899159664
2020-07-23, sz159992, 119.65272296764012
2020-07-23, sh512690, 109.44931163954944
2020-07-24, sz159915, 103.55102040816327
2020-07-24, sz159992, 112.20472440944881
2020-07-24, sh512690, 101.52625152625154
2020-07-27, sz159915, 101.47822612864563
2020-07-27, sz159992, 111.36712749615975
2020-07-27, sh512690, 99.8805256869773
2020-07-28, sz159915, 99.96114996114997
2020-07-28, sz159992, 110.81288343558282
2020-07-28, sh512690, 102.26190476190476
2020-07-29, sz159915, 100.22438294689604
2020-07-29, sz159992, 111.38032305433185
2020-07-29, sh512690, 101.8192488262911
2020-07-30, sz159915, 98.7709497206704
2020-07-30, sz159992, 110.36231884057972
2020-07-30, sh512690, 101.33410672853829
2020-07-31, sz159915, 96.6452533904354
2020-07-31, sz159992, 106.88231245698555
2020-07-31, sh512690, 94.99455930359085
2020-08-03, sz159915, 100.25298156848572
2020-08-03, sz159992, 109.02825637491385
2020-08-03, sh512690, 96.59153380978559
2020-08-04, sz159915, 100.5878030859662
2020-08-04, sz159992, 106.93405846363018
2020-08-04, sh512690, 94.23491379310344
2020-08-05, sz159915, 108.01407349491792
2020-08-05, sz159992, 117.47997086671522
2020-08-05, sh512690, 102.83185840707965
2020-08-06, sz159915, 105.26519550909794
2020-08-06, sz159992, 112.15153681200857
2020-08-06, sh512690, 101.36417556346382
2020-08-07, sz159915, 101.76177709689773
2020-08-07, sz159992, 110.32998565279772
2020-08-07, sh512690, 99.4026284348865
2020-08-10, sz159915, 99.9243284146803
2020-08-10, sz159992, 105.65907522429261
2020-08-10, sh512690, 98.4192037470726
2020-08-11, sz159915, 97.0873786407767
2020-08-11, sz159992, 102.16655382532159
2020-08-11, sh512690, 97.18390804597702
2020-08-12, sz159915, 94.16112342941612
2020-08-12, sz159992, 95.97625329815304
2020-08-12, sh512690, 94.73985134362492
2020-08-13, 执行卖出，sz159992，价格：1.46，花费：256937.04，手续费：39.05
2020-08-13, 营业利润，毛利润：3397.22，净利润：3319.63
2020-08-13, sz159915, 99.92116673236107
2020-08-13, sz159992, 100.0
2020-08-13, sh512690, 100.72158749248345
2020-08-14, 执行买入，sh512690，价格：1.67，花费：260334.63，手续费：39.05
2020-08-14, sz159915, 101.53543307086615
2020-08-14, sz159992, 99.10344827586208
2020-08-14, sh512690, 103.22966507177034
2020-08-17, sz159915, 101.32141469102216
2020-08-17, sz159992, 100.41522491349481
2020-08-17, sh512690, 103.14318975552969
2020-08-18, sz159915, 97.20149253731343
2020-08-18, sz159992, 96.90177982860911
2020-08-18, sh512690, 103.1700288184438
2020-08-19, sz159915, 95.1734539969834
2020-08-19, sz159992, 92.90873276428103
2020-08-19, sh512690, 102.74756725815683
2020-08-20, sz159915, 92.42983751846381
2020-08-20, sz159992, 90.47005795235029
2020-08-20, sh512690, 100.17182130584192
2020-08-21, sz159915, 91.78082191780821
2020-08-21, sz159992, 89.5701643489254
2020-08-21, sh512690, 101.76437108708025
2020-08-24, sz159915, 94.85025566106647
2020-08-24, sz159992, 89.70120788302607
2020-08-24, sh512690, 104.45969125214407
2020-08-25, sz159915, 94.49873326094826
2020-08-25, sz159992, 87.78673279603223
2020-08-25, sh512690, 108.66322432587492
2020-08-26, sz159915, 93.8212578153733
2020-08-26, sz159992, 89.73868706182282
2020-08-26, sh512690, 110.76653013458161
2020-08-27, sz159915, 97.92999623635679
2020-08-27, sz159992, 92.32769830949285
2020-08-27, sh512690, 114.90384615384615
2020-08-28, sz159915, 100.94661113214691
2020-08-28, sz159992, 96.14630960156761
2020-08-28, sh512690, 118.26293872694824
2020-08-31, sz159915, 101.42307692307693
2020-08-31, sz159992, 96.55400927766735
2020-08-31, sh512690, 119.04198698994676
2020-09-01, sz159915, 104.3171114599686
2020-09-01, sz159992, 99.5189003436426
2020-09-01, sh512690, 118.94990947495474
2020-09-02, sz159915, 105.56213017751479
2020-09-02, sz159992, 101.33333333333331
2020-09-02, sh512690, 116.65671641791045
2020-09-03, sz159915, 102.86932919736331
2020-09-03, sz159992, 100.06958942240777
2020-09-03, sh512690, 115.06373117033604
2020-09-04, sz159915, 101.18910625239738
2020-09-04, sz159992, 98.20813232253617
2020-09-04, sh512690, 109.08577878103839
2020-09-07, sz159915, 97.85028790786949
2020-09-07, sz159992, 92.99319727891157
2020-09-07, sh512690, 105.75418994413408
2020-09-08, sz159915, 101.58478605388272
2020-09-08, sz159992, 97.45583038869258
2020-09-08, sh512690, 103.28690807799444
2020-09-09, sz159915, 97.48302037554933
2020-09-09, sz159992, 93.30960854092525
2020-09-09, sh512690, 103.43053173241852
2020-09-10, sz159915, 94.38334642576591
2020-09-10, sz159992, 92.23712067748764
2020-09-10, sh512690, 102.9082774049217
2020-09-11, sz159915, 94.30111667308432
2020-09-11, sz159992, 93.83416017009213
2020-09-11, sh512690, 103.94088669950739
2020-09-14, sz159915, 95.13596323247798
2020-09-14, sz159992, 91.80790960451978
2020-09-14, sh512690, 101.42555438225978
2020-09-15, sz159915, 98.15758526068208
2020-09-15, sz159992, 94.10511363636364
2020-09-15, sh512690, 101.37348124669836
2020-09-16, sz159915, 94.9269792467333
2020-09-16, sz159992, 91.12676056338029
2020-09-16, sh512690, 98.64016736401673
2020-09-17, 执行卖出，sh512690，价格：1.87，花费：260334.63，手续费：43.73
2020-09-17, 营业利润，毛利润：31177.80，净利润：31095.02
2020-09-17, sz159915, 92.53563390847712
2020-09-17, sz159992, 86.68478260869566
2020-09-17, sh512690, 92.70623742454728
2020-09-18, sz159915, 95.29768676526356
2020-09-18, sz159992, 88.67536032944406
2020-09-18, sh512690, 92.896174863388
2020-09-21, sz159915, 93.30323551542513
2020-09-21, sz159992, 88.88121546961327
2020-09-21, sh512690, 93.2521562658549
2020-09-22, sz159915, 92.26457399103138
2020-09-22, sz159992, 89.12742382271468
2020-09-22, sh512690, 93.24462640736951
2020-09-23, sz159915, 94.53448925744439
2020-09-23, sz159992, 92.76773296244785
2020-09-23, sh512690, 91.8429003021148
2020-09-24, sz159915, 93.02501895375286
2020-09-24, sz159992, 92.28070175438596
2020-09-24, sh512690, 92.34350750129332
2020-09-25, sz159915, 96.39074146724205
2020-09-25, sz159992, 96.48866130212143
2020-09-25, sh512690, 95.03433703116745
2020-09-28, sz159915, 94.92979719188767
2020-09-28, sz159992, 93.47353154459753
2020-09-28, sh512690, 97.89644012944983
2020-09-29, sz159915, 101.59836065573771
2020-09-29, sz159992, 99.31350114416477
2020-09-29, sh512690, 100.55279159756772
2020-09-30, 执行买入，sz159915，价格：2.48，花费：291469.79，手续费：43.72
2020-09-30, sz159915, 103.57885975863503
2020-09-30, sz159992, 100.22953328232596
2020-09-30, sh512690, 99.29347826086956
2020-10-09, sz159915, 105.38995508370763
2020-10-09, sz159992, 101.96374622356497
2020-10-09, sh512690, 97.47235387045812
2020-10-12, sz159915, 108.01127214170691
2020-10-12, sz159992, 106.92307692307692
2020-10-12, sh512690, 101.40551795939614
2020-10-13, sz159915, 107.34824281150159
2020-10-13, sz159992, 106.18867924528304
2020-10-13, sh512690, 101.77175612298073
2020-10-14, sz159915, 108.0161943319838
2020-10-14, sz159992, 108.11437403400308
2020-10-14, sh512690, 103.55249204665962
2020-10-15, 执行卖出，sz159915，价格：2.67，花费：291469.79，手续费：47.07
2020-10-15, 执行买入，sz159992，价格：1.40，花费：313894.05，手续费：47.08
2020-10-15, 营业利润，毛利润：22348.37，净利润：22257.58
2020-10-15, sz159915, 107.41791649777058
2020-10-15, sz159992, 109.01253918495297
2020-10-15, sh512690, 105.91427021161151
2020-10-16, sz159915, 104.8149621965778
2020-10-16, sz159992, 108.35913312693496
2020-10-16, sh512690, 103.04812834224599
2020-10-19, sz159915, 104.83870967741935
2020-10-19, sz159992, 105.51670551670553
2020-10-19, sh512690, 103.86289445048966
2020-10-20, sz159915, 107.12839206156339
2020-10-20, sz159992, 106.75990675990677
2020-10-20, sh512690, 108.23271130625685
2020-10-21, 执行卖出，sz159992，价格：1.38，花费：313894.05，手续费：46.24
2020-10-21, 执行买入，sh512690，价格：1.96，花费：306333.67，手续费：45.95
2020-10-21, 营业利润，毛利润：-5601.25，净利润：-5694.58
2020-10-21, sz159915, 104.14673046251994
2020-10-21, sz159992, 103.07346326836581
2020-10-21, sh512690, 108.49780701754386
2020-10-22, sz159915, 105.21597392013038
2020-10-22, sz159992, 102.58555133079848
2020-10-22, sh512690, 112.26890756302521
2020-10-23, sz159915, 102.4013024013024
2020-10-23, sz159992, 98.02880970432145
2020-10-23, sh512690, 109.28293496386883
2020-10-26, sz159915, 104.06737880032865
2020-10-26, sz159992, 101.3188518231187
2020-10-26, sh512690, 106.77685950413223
2020-10-27, sz159915, 103.26744655102864
2020-10-27, sz159992, 102.99539170506912
2020-10-27, sh512690, 107.9714128642111
2020-10-28, sz159915, 103.53555644837284
2020-10-28, sz159992, 102.67175572519082
2020-10-28, sh512690, 111.1111111111111
2020-10-29, sz159915, 101.00736148779544
2020-10-29, sz159992, 102.0
2020-10-29, sh512690, 112.2636412749865
2020-10-30, sz159915, 95.52739470741707
2020-10-30, sz159992, 97.33812949640289
2020-10-30, sh512690, 103.64476386036962
2020-11-02, sz159915, 97.35863095238095
2020-11-02, sz159992, 95.5223880597015
2020-11-02, sh512690, 104.86431131592423
2020-11-03, sz159915, 99.28785607196401
2020-11-03, sz159992, 97.28377412437456
2020-11-03, sh512690, 105.93958013312852
2020-11-04, sz159915, 100.30188679245282
2020-11-04, sz159992, 98.41840402588066
2020-11-04, sh512690, 106.25
2020-11-05, sz159915, 102.12604403948369
2020-11-05, sz159992, 98.14285714285715
2020-11-05, sh512690, 110.22314478463935
2020-11-06, sz159915, 101.42307692307693
2020-11-06, sz159992, 98.01178203240057
2020-11-06, sh512690, 109.84808800419069
2020-11-09, sz159915, 102.7977315689981
2020-11-09, sz159992, 98.68995633187772
2020-11-09, sh512690, 108.31643002028399
2020-11-10, sz159915, 102.37366003062786
2020-11-10, sz159992, 97.74545454545455
2020-11-10, sh512690, 110.71248105103587
2020-11-11, sz159915, 100.50348567002325
2020-11-11, sz159992, 96.73832468495182
2020-11-11, sh512690, 109.38123752495011
2020-11-12, sz159915, 103.61685214626392
2020-11-12, sz159992, 102.24284609435423
2020-11-12, sh512690, 114.80162767039674
2020-11-13, sz159915, 103.39518357678644
2020-11-13, sz159992, 100.7656967840735
2020-11-13, sh512690, 110.9907120743034
2020-11-16, sz159915, 102.34375
2020-11-16, sz159992, 99.03057419835945
2020-11-16, sh512690, 113.79837067209775
2020-11-17, sz159915, 99.80597594101668
2020-11-17, sz159992, 96.05947955390334
2020-11-17, sh512690, 108.52216748768473
2020-11-18, sz159915, 97.19984656693515
2020-11-18, sz159992, 92.01161946259985
2020-11-18, sh512690, 104.33108758421561
2020-11-19, sz159915, 99.72688255950058
2020-11-19, sz159992, 94.3089430894309
2020-11-19, sh512690, 108.420009905894
2020-11-20, sz159915, 98.43332059610242
2020-11-20, sz159992, 95.16369047619047
2020-11-20, sh512690, 109.619140625
2020-11-23, sz159915, 97.8859947149868
2020-11-23, sz159992, 93.75459221160911
2020-11-23, sh512690, 109.90816819719672
2020-11-24, sz159915, 97.14070729872084
2020-11-24, sz159992, 92.03798392987582
2020-11-24, sh512690, 109.88428158148507
2020-11-25, sz159915, 93.97769516728624
2020-11-25, sz159992, 89.51965065502182
2020-11-25, sh512690, 102.96610169491525
2020-11-26, sz159915, 95.6389836935912
2020-11-26, sz159992, 91.8106686701728
2020-11-26, sh512690, 105.38865045302815
2020-11-27, sz159915, 93.12247149687386
2020-11-27, sz159992, 90.56047197640117
2020-11-27, sh512690, 103.37078651685394
2020-11-30, sz159915, 95.02617801047121
2020-11-30, sz159992, 91.88988095238095
2020-11-30, sh512690, 98.35691465084436
2020-12-01, 执行卖出，sh512690，价格：2.15，花费：306333.67，手续费：50.25
2020-12-01, 营业利润，毛利润：28684.68，净利润：28588.48
2020-12-01, sz159915, 100.26974951830442
2020-12-01, sz159992, 97.4712643678161
2020-12-01, sh512690, 98.90510948905109
2020-12-02, 执行买入，sz159915，价格：2.60，花费：335834.94，手续费：50.38
2020-12-02, sz159915, 99.46298427311085
2020-12-02, sz159992, 96.06656580937972
2020-12-02, sh512690, 96.0124058484714
2020-12-03, 执行卖出，sz159915，价格：2.58，花费：335834.94，手续费：50.01
2020-12-03, 营业利润，毛利润：-2452.29，净利润：-2552.67
2020-12-03, sz159915, 100.0
2020-12-03, sz159992, 98.86018237082067
2020-12-03, sh512690, 102.04556020455601
2020-12-04, 执行买入，sh512690，价格：2.19，花费：332423.73，手续费：49.86
2020-12-04, sz159915, 100.64885496183207
2020-12-04, sz159992, 99.24698795180723
2020-12-04, sh512690, 101.70022371364655
2020-12-07, sz159915, 102.17729393468117
2020-12-07, sz159992, 100.61919504643964
2020-12-07, sh512690, 103.2682705401725
2020-12-08, sz159915, 104.41988950276244
2020-12-08, sz159992, 102.68350434096291
2020-12-08, sh512690, 107.61070110701108
2020-12-09, sz159915, 101.6431924882629
2020-12-09, sz159992, 100.23510971786833
2020-12-09, sh512690, 105.89310187300136
2020-12-10, sz159915, 101.97981366459625
2020-12-10, sz159992, 100.93823299452697
2020-12-10, sh512690, 104.05345211581292
2020-12-11, sz159915, 100.30852294639413
2020-12-11, sz159992, 100.07836990595611
2020-12-11, sh512690, 103.56200527704485
2020-12-14, sz159915, 102.28505034856701
2020-12-14, sz159992, 102.06349206349205
2020-12-14, sh512690, 106.31856077226855
2020-12-15, sz159915, 105.49841772151898
2020-12-15, sz159992, 107.31707317073172
2020-12-15, sh512690, 109.96799268404207
2020-12-16, sz159915, 105.74940523394132
2020-12-16, sz159992, 108.5924713584288
2020-12-16, sh512690, 111.35746606334843
2020-12-17, sz159915, 106.39810426540284
2020-12-17, sz159992, 111.48208469055373
2020-12-17, sh512690, 113.81340579710144
2020-12-18, sz159915, 105.78512396694215
2020-12-18, sz159992, 111.09311740890688
2020-12-18, sh512690, 116.6125290023202
2020-12-21, sz159915, 106.76402767102229
2020-12-21, sz159992, 109.19811320754718
2020-12-21, sh512690, 116.5590405904059
2020-12-22, sz159915, 104.8206710374084
2020-12-22, sz159992, 108.503937007874
2020-12-22, sh512690, 118.96631287494233
2020-12-23, sz159915, 104.8109965635739
2020-12-23, sz159992, 105.76479631053036
2020-12-23, sh512690, 116.62870159453304
2020-12-24, sz159915, 103.37504740235116
2020-12-24, sz159992, 103.64188163884674
2020-12-24, sh512690, 109.54685437747472
2020-12-25, sz159915, 104.6042617960426
2020-12-25, sz159992, 107.38461538461537
2020-12-25, sh512690, 109.4065934065934
2020-12-28, sz159915, 103.74149659863947
2020-12-28, sz159992, 105.84166026133744
2020-12-28, sh512690, 111.78739819974281
2020-12-29, sz159915, 104.58044649730563
2020-12-29, sz159992, 106.25488663017984
2020-12-29, sh512690, 111.21656600517686
2020-12-30, sz159915, 106.54739246288543
2020-12-30, sz159992, 106.73896204492641
2020-12-30, sh512690, 112.75684931506848
2020-12-31, sz159915, 110.18838908112265
2020-12-31, sz159992, 109.16209866875491
2020-12-31, sh512690, 114.18259023354564
2021-01-04, sz159915, 112.68458917076865
2021-01-04, sz159992, 108.3203732503888
2021-01-04, sh512690, 115.55922410235245
2021-01-05, sz159915, 112.03599550056245
2021-01-05, sz159992, 106.81818181818181
2021-01-05, sh512690, 121.24740124740126
2021-01-06, sz159915, 112.59842519685041
2021-01-06, sz159992, 108.06330067822154
2021-01-06, sh512690, 118.77285656237302
2021-01-07, sz159915, 113.43726800296956
2021-01-07, sz159992, 104.30971512052594
2021-01-07, sh512690, 117.54874651810584
2021-01-08, sz159915, 112.94642857142856
2021-01-08, sz159992, 104.3002915451895
2021-01-08, sh512690, 114.4448865897334
2021-01-11, sz159915, 107.5953923686105
2021-01-11, sz159992, 101.00791936645068
2021-01-11, sh512690, 109.73486347447565
2021-01-12, sz159915, 113.17144959529067
2021-01-12, sz159992, 103.33817126269957
2021-01-12, sh512690, 110.78355314197053
2021-01-13, 执行卖出，sh512690，价格：2.86，花费：332423.73，手续费：65.06
2021-01-13, 执行买入，sz159915，价格：3.07，花费：431847.09，手续费：64.78
2021-01-13, 营业利润，毛利润：101291.29，净利润：101176.37
2021-01-13, sz159915, 110.20036429872495
2021-01-13, sz159992, 101.38081395348838
2021-01-13, sh512690, 110.15625
2021-01-14, sz159915, 109.57446808510637
2021-01-14, sz159992, 100.43923865300147
2021-01-14, sh512690, 109.47791164658634
2021-01-15, sz159915, 108.76682429974535
2021-01-15, sz159992, 98.49570200573066
2021-01-15, sh512690, 106.4684612294094
2021-01-18, sz159915, 110.9653916211293
2021-01-18, sz159992, 100.65359477124183
2021-01-18, sh512690, 100.76687116564418
2021-01-19, sz159915, 109.53257269046743
2021-01-19, sz159992, 100.22075055187638
2021-01-19, sh512690, 99.76726144297906
2021-01-20, sz159915, 110.61093247588425
2021-01-20, sz159992, 102.68505079825836
2021-01-20, sh512690, 98.63325740318906
2021-01-21, sz159915, 110.81646894626658
2021-01-21, sz159992, 103.37159253945482
2021-01-21, sh512690, 99.25622908144291
2021-01-22, sz159915, 108.90456989247312
2021-01-22, sz159992, 108.11198851399857
2021-01-22, sh512690, 94.71428571428572
2021-01-25, sz159915, 108.50066934404283
2021-01-25, sz159992, 107.87234042553192
2021-01-25, sh512690, 96.98216735253772
2021-01-26, sz159915, 104.96170496170495
2021-01-26, sz159992, 102.85913528591355
2021-01-26, sh512690, 94.04721176873075
2021-01-27, sz159915, 103.59947643979058
2021-01-27, sz159992, 102.45098039215688
2021-01-27, sh512690, 90.3182125930941
2021-01-28, sz159915, 100.69169960474309
2021-01-28, sz159992, 99.58071278825996
2021-01-28, sh512690, 91.30737134909597
2021-01-29, sz159915, 101.33824021411843
2021-01-29, sz159992, 100.92658588738416
2021-01-29, sh512690, 96.57410746483951
2021-02-01, sz159915, 99.34980494148245
2021-02-01, sz159992, 102.17696629213484
2021-02-01, sh512690, 93.41736694677873
2021-02-02, 执行卖出，sz159915，价格：3.06，花费：431847.09，手续费：64.59
2021-02-02, 执行买入，sz159992，价格：1.46，花费：430948.55，手续费：64.64
2021-02-02, 营业利润，毛利润：-1265.59，净利润：-1394.95
2021-02-02, sz159915, 103.07438016528924
2021-02-02, sz159992, 105.51971326164875
2021-02-02, sh512690, 98.54609929078015
2021-02-03, sz159915, 103.98393036491463
2021-02-03, sz159992, 108.8192419825073
2021-02-03, sh512690, 102.27439471753483
2021-02-04, sz159915, 103.61204013377925
2021-02-04, sz159992, 107.05454545454545
2021-02-04, sh512690, 105.88679245283019
2021-02-05, sz159915, 101.24753775443205
2021-02-05, sz159992, 108.36940836940838
2021-02-05, sh512690, 107.80060882800609
2021-02-05, sz159915, 101.24753775443205
2021-02-05, sz159992, 111.8208516886931
2021-02-05, sh512690, 110.41990668740279
2021-02-09, sz159915, 108.26612903225808
2021-02-09, sz159992, 109.39929328621909
2021-02-09, sh512690, 111.9707467282525
2021-02-10, 执行卖出，sz159992，价格：1.55，花费：430948.55，手续费：68.68
2021-02-10, 执行买入，sh512690，价格：2.93，花费：460107.65，手续费：69.02
2021-02-10, 营业利润，毛利润：26915.80，净利润：26782.48
2021-02-10, sz159915, 106.36304909560724
2021-02-10, sz159992, 110.54823039555863
2021-02-10, sh512690, 114.12514050206069
2021-02-18, sz159915, 100.81863979848866
2021-02-18, sz159992, 101.19521912350598
2021-02-18, sh512690, 110.82202111613877
2021-02-19, sz159915, 97.80931811169393
2021-02-19, sz159992, 99.40828402366864
2021-02-19, sh512690, 103.21782178217822
2021-02-22, sz159915, 93.52251696483653
2021-02-22, sz159992, 98.16949152542372
2021-02-22, sh512690, 98.14477991997089
2021-02-23, 执行卖出，sh512690，价格：2.66，花费：460107.65，手续费：62.67
2021-02-23, 营业利润，毛利润：-42299.71，净利润：-42431.40
2021-02-23, sz159915, 95.46319796954313
2021-02-23, sz159992, 99.65823650034176
2021-02-23, sh512690, 101.16191904047976
2021-02-24, 执行买入，sh512690，价格：2.70，花费：415629.60，手续费：62.34
2021-02-24, sz159915, 91.72457359444094
2021-02-24, sz159992, 98.59649122807016
2021-02-24, sh512690, 97.18202589489718
2021-02-25, 执行卖出，sh512690，价格：2.56，花费：415629.60，手续费：59.18
2021-02-25, 营业利润，毛利润：-21104.99，净利润：-21226.51
2021-02-25, sz159915, 94.14458619561663
2021-02-25, sz159992, 98.7994350282486
2021-02-25, sh512690, 93.42793129200896
2021-02-26, sz159915, 92.90194783757016
2021-02-26, sz159992, 95.46391752577318
2021-02-26, sh512690, 91.191904047976
2021-03-01, sz159915, 94.69895287958116
2021-03-01, sz159992, 96.33152173913044
2021-03-01, sh512690, 87.83735156531127
2021-03-02, sz159915, 91.69339320076972
2021-03-02, sz159992, 92.63228399196248
2021-03-02, sh512690, 85.29411764705883
2021-03-03, sz159915, 93.36767546683838
2021-03-03, sz159992, 95.5163043478261
2021-03-03, sh512690, 86.60014255167499
2021-03-04, sz159915, 88.79922530664945
2021-03-04, sz159992, 90.27962716378163
2021-03-04, sh512690, 81.53900458877514
2021-03-05, sz159915, 89.88326848249027
2021-03-05, sz159992, 88.96913985554826
2021-03-05, sh512690, 82.46478873239438
2021-03-08, sz159915, 81.71942892613285
2021-03-08, sz159992, 82.88113695090439
2021-03-08, sh512690, 74.73358542454453
2021-03-09, sz159915, 77.34588521105375
2021-03-09, sz159992, 78.21720025109856
2021-03-09, sh512690, 69.36966513460277
2021-03-10, sz159915, 80.76202373516553
2021-03-10, sz159992, 83.26771653543307
2021-03-10, sh512690, 73.93671316774413
2021-03-11, sz159915, 83.59621451104101
2021-03-11, sz159992, 86.3095238095238
2021-03-11, sh512690, 77.42377526550187
2021-03-12, sz159915, 87.66490765171504
2021-03-12, sz159992, 90.12430939226519
2021-03-12, sh512690, 84.0993328391401
2021-03-15, sz159915, 84.91193087404454
2021-03-15, sz159992, 86.14540466392319
2021-03-15, sh512690, 79.91848832901076
2021-03-16, sz159915, 88.80853994490359
2021-03-16, sz159992, 90.46263345195729
2021-03-16, sh512690, 86.91222570532915
2021-03-17, sz159915, 90.58373870743573
2021-03-17, sz159992, 91.493924231594
2021-03-17, sh512690, 89.88808952837731
2021-03-18, sz159915, 94.17199715707177
2021-03-18, sz159992, 94.96040316774658
2021-03-18, sh512690, 95.27332511302919
2021-03-19, sz159915, 89.11541119557705
2021-03-19, sz159992, 91.32581100141044
2021-03-19, sh512690, 92.74887341253584
2021-03-22, sz159915, 91.18572927597063
2021-03-22, sz159992, 94.72161966738973
2021-03-22, sh512690, 95.58452481076534
2021-03-23, sz159915, 88.93103448275863
2021-03-23, sz159992, 92.95874822190612
2021-03-23, sh512690, 93.99176954732509
2021-03-24, sz159915, 92.43911304980008
2021-03-24, sz159992, 95.57522123893804
2021-03-24, sh512690, 99.04761904761904
2021-03-25, sz159915, 92.60461760461763
2021-03-25, sz159992, 96.45756457564575
2021-03-25, sh512690, 97.01110162254483
2021-03-26, sz159915, 100.64565134827193
2021-03-26, sz159992, 105.37802026500391
2021-03-26, sh512690, 108.27966881324748
2021-03-29, 执行买入，sh512690，价格：2.37，花费：398338.21，手续费：59.75
2021-03-29, sz159915, 103.53356890459364
2021-03-29, sz159992, 108.34670947030499
2021-03-29, sh512690, 114.00851869380027
2021-03-30, sz159915, 103.36426914153134
2021-03-30, sz159992, 108.27423167848703
2021-03-30, sh512690, 110.95260009203865
2021-03-31, sz159915, 100.56603773584906
2021-03-31, sz159992, 104.36781609195404
2021-03-31, sh512690, 105.04424778761063
2021-04-01, sz159915, 102.25733634311513
2021-04-01, sz159992, 105.97701149425288
2021-04-01, sh512690, 107.27192595857207
2021-04-02, sz159915, 107.86692759295498
2021-04-02, sz159992, 110.27070063694266
2021-04-02, sh512690, 117.94158553546592
2021-04-06, sz159915, 105.85498255137648
2021-04-06, sz159992, 108.18253343823763
2021-04-06, sh512690, 113.21009918845807
2021-04-07, sz159915, 103.83582662063672
2021-04-07, sz159992, 106.87500000000001
2021-04-07, sh512690, 106.9364161849711
2021-04-08, sz159915, 102.9433962264151
2021-04-08, sz159992, 105.53449583017438
2021-04-08, sh512690, 105.78084555651424
2021-04-09, sz159915, 104.30399379604498
2021-04-09, sz159992, 105.25096525096525
2021-04-09, sh512690, 105.60954063604242
2021-04-12, sz159915, 100.76716532412733
2021-04-12, sz159992, 101.60305343511449
2021-04-12, sh512690, 104.7954245490541
2021-04-13, sz159915, 102.71423032183016
2021-04-13, sz159992, 102.75439938791125
2021-04-13, sh512690, 105.86690017513136
2021-04-14, sz159915, 106.44907589461266
2021-04-14, sz159992, 103.93518518518519
2021-04-14, sh512690, 107.12412587412588
2021-04-15, sz159915, 105.10323334631866
2021-04-15, sz159992, 103.06044376434585
2021-04-15, sh512690, 107.21830985915494
2021-04-16, sz159915, 101.43396226415095
2021-04-16, sz159992, 99.03846153846153
2021-04-16, sh512690, 105.94732370433306
2021-04-19, sz159915, 106.10542282897232
2021-04-19, sz159992, 102.07407407407405
2021-04-19, sh512690, 104.73225404732256
2021-04-20, 执行卖出，sh512690，价格：2.51，花费：398338.21，手续费：63.10
2021-04-20, 执行买入，sz159915，价格：2.79，花费：417923.99，手续费：62.69
2021-04-20, 营业利润，毛利润：22316.34，净利润：22193.49
2021-04-20, sz159915, 104.41451552562664
2021-04-20, sz159992, 100.80058224163027
2021-04-20, sh512690, 105.59933637494814
2021-04-21, 执行卖出，sz159915，价格：2.77，花费：417923.99，手续费：62.22
2021-04-21, 执行买入，sh512690，价格：2.52，花费：412851.60，手续费：61.93
2021-04-21, 营业利润，毛利润：-3147.92，净利润：-3272.83
2021-04-21, sz159915, 105.59099437148218
2021-04-21, sz159992, 103.89133627019089
2021-04-21, sh512690, 109.85678180286436
2021-04-22, sz159915, 104.37821927888153
2021-04-22, sz159992, 102.67534345625451
2021-04-22, sh512690, 107.1076417419885
2021-04-23, sz159915, 104.89840348330914
2021-04-23, sz159992, 104.043321299639
2021-04-23, sh512690, 103.57704402515722
2021-04-26, 执行卖出，sh512690，价格：2.63，花费：412851.60，手续费：64.75
2021-04-26, 执行买入，sz159915，价格：2.91，花费：434765.64，手续费：65.21
2021-04-26, 营业利润，毛利润：18840.45，净利润：18713.77
2021-04-26, sz159915, 104.87179487179488
2021-04-26, sz159992, 104.80000000000001
2021-04-26, sh512690, 102.8673835125448
2021-04-27, sz159915, 106.5386036202438
2021-04-27, sz159992, 108.40643274853801
2021-04-27, sh512690, 109.35550935550935
2021-04-28, 执行卖出，sz159915，价格：2.88，花费：434765.64，手续费：64.63
2021-04-28, 执行买入，sh512690，价格：2.59，花费：421971.85，手续费：63.30
2021-04-28, 营业利润，毛利润：-3884.50，净利润：-4014.35
2021-04-28, sz159915, 108.10117302052784
2021-04-28, sz159992, 108.9080459770115
2021-04-28, sh512690, 109.9510603588907
2021-04-29, sz159915, 109.73977695167288
2021-04-29, sz159992, 110.71166544387381
2021-04-29, sh512690, 112.5052279381012
2021-04-30, sz159915, 113.77997716025885
2021-04-30, sz159992, 115.92787377911344
2021-04-30, sh512690, 111.7968094038623
2021-05-06, 执行卖出，sh512690，价格：2.65，花费：421971.85，手续费：64.76
2021-05-06, 执行买入，sz159992，价格：1.51，花费：429641.81，手续费：64.45
2021-05-06, 营业利润，毛利润：9764.10，净利润：9636.04
2021-05-06, sz159915, 109.62627406568517
2021-05-06, sz159992, 109.53090096798215
2021-05-06, sh512690, 106.82382133995037
2021-05-07, 执行卖出，sz159992，价格：1.47，花费：429641.81，手续费：62.74
2021-05-07, 执行买入，sz159915，价格：2.91，花费：427316.04，手续费：64.10
2021-05-07, 营业利润，毛利润：-11381.24，净利润：-11508.43
2021-05-07, sz159915, 104.1374214998153
2021-05-07, sz159992, 105.86488492947291
2021-05-07, sh512690, 103.79436964504282
2021-05-10, 执行卖出，sz159915，价格：2.82，花费：427316.04，手续费：62.12
2021-05-10, 执行买入，sz159992，价格：1.44，花费：417570.03，手续费：62.64
2021-05-10, 营业利润，毛利润：-13215.96，净利润：-13342.17
2021-05-10, sz159915, 104.78131949592292
2021-05-10, sz159992, 108.46325167037863
2021-05-10, sh512690, 102.83251231527093
2021-05-11, sz159915, 105.02232142857142
2021-05-11, sz159992, 110.82897684839432
2021-05-11, sh512690, 103.88933440256616
2021-05-12, sz159915, 102.39456754824876
2021-05-12, sz159992, 110.30478955007257
2021-05-12, sh512690, 104.20134760206103
2021-05-13, sz159915, 101.93479039770692
2021-05-13, sz159992, 110.25270758122743
2021-05-13, sh512690, 103.84917517674785
2021-05-14, sz159915, 104.37100213219614
2021-05-14, sz159992, 110.53003533568904
2021-05-14, sh512690, 103.84917517674785
2021-05-17, sz159915, 105.99224532957349
2021-05-17, sz159992, 112.04225352112675
2021-05-17, sh512690, 52.72239263803681
2021-05-18, sz159915, 103.35524040124524
2021-05-18, sz159992, 108.67453157529494
2021-05-18, sh512690, 53.01112389719984
2021-05-19, sz159915, 105.20433112120153
2021-05-19, sz159992, 108.25815405968078
2021-05-19, sh512690, 51.802656546489565
2021-05-20, sz159915, 105.51317614424411
2021-05-20, sz159992, 105.2596089008766
2021-05-20, sh512690, 54.16182733255903
2021-05-21, 执行卖出，sz159992，价格：1.57，花费：417570.03，手续费：68.07
2021-05-21, 执行买入，sz159915，价格：3.06，花费：448489.28，手续费：67.27
2021-05-21, 营业利润，毛利润：36197.12，净利润：36066.42
2021-05-21, sz159915, 102.13631739572737
2021-05-21, sz159992, 100.8575197889182
2021-05-21, sh512690, 53.15589353612167
2021-05-24, sz159915, 102.84552845528457
2021-05-24, sz159992, 100.66269052352553
2021-05-24, sh512690, 53.338278931750736
2021-05-25, sz159915, 104.34928069588491
2021-05-25, sz159992, 101.23136746597538
2021-05-25, sh512690, 55.01858736059479
2021-05-26, sz159915, 106.5771349862259
2021-05-26, sz159992, 106.050305914344
2021-05-26, sh512690, 55.050694705219684
2021-05-27, sz159915, 110.6065980844271
2021-05-27, sz159992, 109.25666199158486
2021-05-27, sh512690, 57.14285714285714
2021-05-28, sz159915, 110.39971701450301
2021-05-28, sz159992, 104.24366872005476
2021-05-28, sh512690, 58.136792452830186
2021-05-31, sz159915, 113.17747077577044
2021-05-31, sz159992, 105.25606469002695
2021-05-31, sh512690, 59.201596806387236
2021-06-01, sz159915, 111.27399650959859
2021-06-01, sz159992, 104.21052631578948
2021-06-01, sh512690, 57.5839444230027
2021-06-02, sz159915, 110.12302284710016
2021-06-02, sz159992, 101.57170923379175
2021-06-02, sh512690, 55.91479650057056
2021-06-03, sz159915, 105.51583248212464
2021-06-03, sz159992, 97.57033248081841
2021-06-03, sh512690, 56.31618759455371
2021-06-04, sz159915, 104.45626870635185
2021-06-04, sz159992, 96.66876178504086
2021-06-04, sh512690, 110.76363636363635
2021-06-07, 执行卖出，sz159915，价格：3.14，花费：448489.28，手续费：69.06
2021-06-07, 执行买入，sh512690，价格：1.53，花费：461579.90，手续费：69.24
2021-06-07, 营业利润，毛利润：11891.20，净利润：11754.87
2021-06-07, sz159915, 104.48460508701471
2021-06-07, sz159992, 99.04214559386972
2021-06-07, sh512690, 112.51808972503619
2021-06-08, sz159915, 103.08764940239044
2021-06-08, sz159992, 98.01282051282051
2021-06-08, sh512690, 106.00732600732601
2021-06-09, sz159915, 101.87315149523496
2021-06-09, sz159992, 97.62972453555415
2021-06-09, sh512690, 103.0736240171551
2021-06-10, sz159915, 105.54448871181938
2021-06-10, sz159992, 100.91563113145847
2021-06-10, sh512690, 105.1502145922747
2021-06-11, 执行卖出，sh512690，价格：1.46，花费：461579.90，手续费：66.24
2021-06-11, 执行买入，sz159915，价格：3.20，花费：445586.32，手续费：66.84
2021-06-11, 营业利润，毛利润：-19963.48，净利润：-20098.96
2021-06-11, sz159915, 105.23715415019763
2021-06-11, sz159992, 101.71165240289663
2021-06-11, sh512690, 100.06954102920724
2021-06-15, sz159915, 101.15421609490221
2021-06-15, sz159992, 97.0550576184379
2021-06-15, sh512690, 97.16216216216216
2021-06-16, sz159915, 97.7059773828756
2021-06-16, sz159992, 94.23076923076923
2021-06-16, sh512690, 95.97544338335608
2021-06-17, 执行卖出，sz159915，价格：3.02，花费：445586.32，手续费：63.22
2021-06-17, 营业利润，毛利润：-24119.66，净利润：-24249.72
2021-06-17, sz159915, 99.03784477228994
2021-06-17, sz159992, 94.801026957638
2021-06-17, sh512690, 98.1029810298103
14, 112.46%, 9.88%
2020-04-29, sz159915, 0.07499999999999996
2020-04-29, sz159992, 0.018999999999999906
2020-04-29, sh512690, 0.052999999999999936
2020-04-30, 执行买入，sz159915，价格：1.96，花费：197203.28，手续费：29.58
2020-04-30, sz159915, 0.14000000000000012
2020-04-30, sz159992, 0.0030000000000001137
2020-04-30, sh512690, 0.06699999999999995
2020-05-06, sz159915, 0.11999999999999988
2020-05-06, sz159992, 0.0040000000000000036
2020-05-06, sh512690, 0.06600000000000006
2020-05-07, sz159915, 0.1259999999999999
2020-05-07, sz159992, 0.013000000000000123
2020-05-07, sh512690, 0.08500000000000019
2020-05-08, sz159915, 0.10999999999999988
2020-05-08, sz159992, 0.020000000000000018
2020-05-08, sh512690, 0.10099999999999998
2020-05-11, sz159915, 0.08099999999999996
2020-05-11, sz159992, 0.020000000000000018
2020-05-11, sh512690, 0.09600000000000009
2020-05-12, 执行卖出，sz159915，价格：2.02，花费：197203.28，手续费：30.44
2020-05-12, 执行买入，sh512690，价格：1.22，花费：201545.06，手续费：30.23
2020-05-12, 营业利润，毛利润：5723.31，净利润：5663.29
2020-05-12, sz159915, 0.07400000000000007
2020-05-12, sz159992, 0.014000000000000012
2020-05-12, sh512690, 0.0950000000000002
2020-05-13, sz159915, 0.10899999999999976
2020-05-13, sz159992, 0.040000000000000036
2020-05-13, sh512690, 0.1549999999999998
2020-05-14, sz159915, 0.06899999999999995
2020-05-14, sz159992, 0.028999999999999915
2020-05-14, sh512690, 0.12199999999999989
2020-05-15, sz159915, 0.09099999999999975
2020-05-15, sz159992, 0.026000000000000023
2020-05-15, sh512690, 0.10899999999999999
2020-05-18, sz159915, 0.10900000000000021
2020-05-18, sz159992, 0.051000000000000156
2020-05-18, sh512690, 0.125
2020-05-19, sz159915, 0.12199999999999989
2020-05-19, sz159992, 0.049000000000000155
2020-05-19, sh512690, 0.1399999999999999
2020-05-20, sz159915, 0.08999999999999986
2020-05-20, sz159992, 0.039000000000000146
2020-05-20, sh512690, 0.09799999999999986
2020-05-21, sz159915, 0.06800000000000006
2020-05-21, sz159992, 0.05500000000000016
2020-05-21, sh512690, 0.127
2020-05-22, sz159915, -0.02100000000000013
2020-05-22, sz159992, 0.028000000000000025
2020-05-22, sh512690, 0.07200000000000006
2020-05-25, sz159915, -0.053999999999999826
2020-05-25, sz159992, 0.028000000000000025
2020-05-25, sh512690, 0.08599999999999985
2020-05-26, sz159915, 0.0129999999999999
2020-05-26, sz159992, 0.050000000000000044
2020-05-26, sh512690, 0.08999999999999986
2020-05-27, sz159915, -0.04499999999999971
2020-05-27, sz159992, 0.018000000000000016
2020-05-27, sh512690, 0.06899999999999995
2020-05-28, sz159915, -0.04200000000000004
2020-05-28, sz159992, 0.010000000000000009
2020-05-28, sh512690, 0.08299999999999996
2020-05-29, sz159915, -0.037000000000000366
2020-05-29, sz159992, 0.016000000000000014
2020-05-29, sh512690, 0.09299999999999997
2020-06-01, sz159915, 0.02400000000000002
2020-06-01, sz159992, 0.01100000000000012
2020-06-01, sh512690, 0.09000000000000008
2020-06-02, sz159915, 0.03100000000000014
2020-06-02, sz159992, 0.0020000000000000018
2020-06-02, sh512690, 0.06900000000000017
2020-06-03, sz159915, 0.018000000000000238
2020-06-03, sz159992, 0.006999999999999895
2020-06-03, sh512690, 0.07899999999999996
2020-06-04, sz159915, 0.03399999999999981
2020-06-04, sz159992, 0.004999999999999893
2020-06-04, sh512690, 0.07400000000000007
2020-06-05, sz159915, 0.026000000000000245
2020-06-05, sz159992, 0.008999999999999897
2020-06-05, sh512690, 0.08400000000000007
2020-06-08, sz159915, 0.03200000000000003
2020-06-08, sz159992, 0.008000000000000007
2020-06-08, sh512690, 0.09800000000000009
2020-06-09, sz159915, 0.08199999999999985
2020-06-09, sz159992, 0.027999999999999803
2020-06-09, sh512690, 0.10000000000000009
2020-06-10, sz159915, 0.1499999999999999
2020-06-10, sz159992, 0.07799999999999985
2020-06-10, sh512690, 0.15100000000000002
2020-06-11, sz159915, 0.14400000000000013
2020-06-11, sz159992, 0.05499999999999994
2020-06-11, sh512690, 0.09699999999999998
2020-06-12, 执行卖出，sh512690，价格：1.35，花费：201545.06，手续费：33.37
2020-06-12, 执行买入，sz159915，价格：2.08，花费：222836.64，手续费：33.43
2020-06-12, 营业利润，毛利润：20911.95，净利润：20848.35
2020-06-12, sz159915, 0.1030000000000002
2020-06-12, sz159992, 0.04599999999999982
2020-06-12, sh512690, 0.08800000000000008
2020-06-15, sz159915, 0.1439999999999999
2020-06-15, sz159992, 0.07099999999999995
2020-06-15, sh512690, 0.06899999999999995
2020-06-16, sz159915, 0.20099999999999985
2020-06-16, sz159992, 0.1120000000000001
2020-06-16, sh512690, 0.07800000000000007
2020-06-17, sz159915, 0.18200000000000038
2020-06-17, sz159992, 0.123
2020-06-17, sh512690, 0.040999999999999925
2020-06-18, sz159915, 0.1120000000000001
2020-06-18, sz159992, 0.08199999999999985
2020-06-18, sh512690, 0.008000000000000007
2020-06-19, sz159915, 0.17099999999999982
2020-06-19, sz159992, 0.121
2020-06-19, sh512690, 0.06499999999999995
2020-06-22, sz159915, 0.20299999999999985
2020-06-22, sz159992, 0.131
2020-06-22, sh512690, 0.07299999999999995
2020-06-23, sz159915, 0.23399999999999999
2020-06-23, sz159992, 0.15599999999999992
2020-06-23, sh512690, 0.08999999999999986
2020-06-24, sz159915, 0.21999999999999975
2020-06-24, sz159992, 0.1280000000000001
2020-06-24, sh512690, 0.07200000000000006
2020-06-29, sz159915, 0.22199999999999998
2020-06-29, sz159992, 0.1499999999999999
2020-06-29, sh512690, 0.07200000000000006
2020-06-30, sz159915, 0.2570000000000001
2020-06-30, sz159992, 0.15200000000000014
2020-06-30, sh512690, 0.09999999999999987
2020-07-01, sz159915, 0.2200000000000002
2020-07-01, sz159992, 0.11699999999999999
2020-07-01, sh512690, 0.18300000000000005
2020-07-02, sz159915, 0.23099999999999987
2020-07-02, sz159992, 0.11499999999999999
2020-07-02, sh512690, 0.2330000000000001
2020-07-03, 执行卖出，sz159915，价格：2.35，花费：222836.64，手续费：37.75
2020-07-03, 执行买入，sh512690，价格：1.61，花费：250295.93，手续费：37.54
2020-07-03, 营业利润，毛利润：28818.78，净利润：28747.60
2020-07-03, sz159915, 0.23899999999999988
2020-07-03, sz159992, 0.11099999999999999
2020-07-03, sh512690, 0.20900000000000007
2020-07-06, 执行卖出，sh512690，价格：1.58，花费：250295.93，手续费：36.73
2020-07-06, 执行买入，sz159915，价格：2.38，花费：247950.30，手续费：37.19
2020-07-06, 营业利润，毛利润：-5424.37，净利润：-5498.65
2020-07-06, sz159915, 0.30900000000000016
2020-07-06, sz159992, 0.11099999999999999
2020-07-06, sh512690, 0.2769999999999999
2020-07-07, sz159915, 0.3200000000000003
2020-07-07, sz159992, 0.11699999999999999
2020-07-07, sh512690, 0.2869999999999999
2020-07-08, sz159915, 0.3859999999999997
2020-07-08, sz159992, 0.09000000000000008
2020-07-08, sh512690, 0.31099999999999994
2020-07-09, sz159915, 0.48
2020-07-09, sz159992, 0.17400000000000015
2020-07-09, sh512690, 0.33299999999999996
2020-07-10, sz159915, 0.44700000000000006
2020-07-10, sz159992, 0.16399999999999992
2020-07-10, sh512690, 0.31899999999999995
2020-07-13, sz159915, 0.5390000000000001
2020-07-13, sz159992, 0.2250000000000001
2020-07-13, sh512690, 0.42400000000000015
2020-07-14, sz159915, 0.45999999999999996
2020-07-14, sz159992, 0.19000000000000017
2020-07-14, sh512690, 0.361
2020-07-15, sz159915, 0.41500000000000004
2020-07-15, sz159992, 0.22399999999999998
2020-07-15, sh512690, 0.399
2020-07-16, sz159915, 0.2629999999999999
2020-07-16, sz159992, 0.11499999999999999
2020-07-16, sh512690, 0.236
2020-07-17, sz159915, 0.2240000000000002
2020-07-17, sz159992, 0.11699999999999999
2020-07-17, sh512690, 0.18500000000000005
2020-07-20, sz159915, 0.26900000000000013
2020-07-20, sz159992, 0.129
2020-07-20, sh512690, 0.08399999999999985
2020-07-21, sz159915, 0.2929999999999997
2020-07-21, sz159992, 0.19400000000000017
2020-07-21, sh512690, 0.09299999999999997
2020-07-22, sz159915, 0.29800000000000004
2020-07-22, sz159992, 0.2100000000000002
2020-07-22, sh512690, 0.1419999999999999
2020-07-23, sz159915, 0.2559999999999998
2020-07-23, sz159992, 0.246
2020-07-23, sh512690, 0.11100000000000021
2020-07-24, sz159915, 0.03399999999999981
2020-07-24, sz159992, 0.123
2020-07-24, sh512690, -0.010999999999999899
2020-07-27, 执行卖出，sz159915，价格：2.54，花费：247950.30，手续费：39.69
2020-07-27, 执行买入，sz159992，价格：1.43，花费：260323.27，手续费：39.05
2020-07-27, 营业利润，毛利润：16640.96，净利润：16564.08
2020-07-27, sz159915, -0.03399999999999981
2020-07-27, sz159992, 0.1459999999999999
2020-07-27, sh512690, -0.008000000000000007
2020-07-28, sz159915, -0.10099999999999998
2020-07-28, sz159992, 0.08299999999999996
2020-07-28, sh512690, 0.014000000000000012
2020-07-29, sz159915, -0.004999999999999893
2020-07-29, sz159992, 0.137
2020-07-29, sh512690, 0.01100000000000012
2020-07-30, sz159915, -0.1499999999999999
2020-07-30, sz159992, 0.06999999999999984
2020-07-30, sh512690, -0.09099999999999997
2020-07-31, sz159915, -0.05899999999999972
2020-07-31, sz159992, 0.10199999999999987
2020-07-31, sh512690, -0.07299999999999995
2020-08-03, sz159915, 0.052000000000000046
2020-08-03, sz159992, 0.11099999999999999
2020-08-03, sh512690, -0.0990000000000002
2020-08-04, sz159915, 0.18000000000000016
2020-08-04, sz159992, 0.19999999999999996
2020-08-04, sh512690, 0.05400000000000005
2020-08-05, sz159915, 0.17999999999999972
2020-08-05, sz159992, 0.21399999999999997
2020-08-05, sh512690, 0.05700000000000016
2020-08-06, sz159915, 0.10799999999999965
2020-08-06, sz159992, 0.17500000000000004
2020-08-06, sh512690, 0.03500000000000014
2020-08-07, sz159915, 0.014000000000000234
2020-08-07, sz159992, 0.08899999999999997
2020-08-07, sh512690, -0.04400000000000004
2020-08-10, sz159915, -0.03699999999999992
2020-08-10, sz159992, 0.053999999999999826
2020-08-10, sh512690, -0.05899999999999994
2020-08-11, sz159915, -0.10599999999999987
2020-08-11, sz159992, -0.007000000000000117
2020-08-11, sh512690, -0.05800000000000005
2020-08-12, 执行卖出，sz159992，价格：1.50，花费：260323.27，手续费：41.24
2020-08-12, 营业利润，毛利润：14614.64，净利润：14534.35
2020-08-12, sz159915, 0.01100000000000012
2020-08-12, sz159992, 0.030000000000000027
2020-08-12, sh512690, -0.006000000000000005
2020-08-13, 执行买入，sz159992，价格：1.46，花费：275430.06，手续费：41.31
2020-08-13, sz159915, -0.004999999999999893
2020-08-13, sz159992, -0.02499999999999991
2020-08-13, sh512690, 0.0030000000000001137
2020-08-14, 执行卖出，sz159992，价格：1.43，花费：275430.06，手续费：40.55
2020-08-14, 执行买入，sh512690，价格：1.67，花费：268649.56，手续费：40.30
2020-08-14, 营业利润，毛利润：-5107.56，净利润：-5189.43
2020-08-14, sz159915, 0.006000000000000227
2020-08-14, sz159992, -0.008000000000000007
2020-08-14, sh512690, 0.008000000000000007
2020-08-17, sz159915, -0.07299999999999995
2020-08-17, sz159992, -0.06599999999999984
2020-08-17, sh512690, 0.03699999999999992
2020-08-18, sz159915, -0.04700000000000015
2020-08-18, sz159992, -0.052999999999999936
2020-08-18, sh512690, 0.04299999999999993
2020-08-19, sz159915, -0.18400000000000016
2020-08-19, sz159992, -0.1379999999999999
2020-08-19, sh512690, 0.04899999999999993
2020-08-20, sz159915, -0.2709999999999999
2020-08-20, sz159992, -0.17700000000000005
2020-08-20, sh512690, -0.007999999999999785
2020-08-21, 执行卖出，sh512690，价格：1.76，花费：268649.56，手续费：42.40
2020-08-21, 营业利润，毛利润：13995.52，净利润：13912.82
2020-08-21, sz159915, -0.19200000000000017
2020-08-21, sz159992, -0.15599999999999992
2020-08-21, sh512690, 0.038999999999999924
2020-08-24, 执行买入，sh512690，价格：1.79，花费：284424.45，手续费：42.66
2020-08-24, sz159915, -0.16599999999999993
2020-08-24, sz159992, -0.20199999999999996
2020-08-24, sh512690, 0.08399999999999985
2020-08-25, sz159915, -0.10799999999999965
2020-08-25, sz159992, -0.15300000000000002
2020-08-25, sh512690, 0.18499999999999983
2020-08-26, sz159915, -0.10599999999999987
2020-08-26, sz159992, -0.13000000000000012
2020-08-26, sh512690, 0.2290000000000001
2020-08-27, sz159915, -0.039000000000000146
2020-08-27, sz159992, -0.11099999999999999
2020-08-27, sh512690, 0.23099999999999987
2020-08-28, sz159915, 0.06599999999999984
2020-08-28, sz159992, -0.03699999999999992
2020-08-28, sh512690, 0.29699999999999993
2020-08-31, sz159915, 0.08899999999999997
2020-08-31, sz159992, 0.0020000000000000018
2020-08-31, sh512690, 0.35599999999999987
2020-09-01, sz159915, 0.12299999999999978
2020-09-01, sz159992, 0.02299999999999991
2020-09-01, sh512690, 0.29600000000000004
2020-09-02, sz159915, 0.09699999999999998
2020-09-02, sz159992, 0.006999999999999895
2020-09-02, sh512690, 0.22799999999999998
2020-09-03, sz159915, 0.04599999999999982
2020-09-03, sz159992, -0.013000000000000123
2020-09-03, sh512690, 0.21399999999999997
2020-09-04, sz159915, 0.03299999999999992
2020-09-04, sz159992, -0.04499999999999993
2020-09-04, sh512690, 0.14300000000000002
2020-09-07, sz159915, 0.02499999999999991
2020-09-07, sz159992, -0.04800000000000004
2020-09-07, sh512690, 0.09800000000000009
2020-09-08, sz159915, 0.06099999999999994
2020-09-08, sz159992, -0.026000000000000023
2020-09-08, sh512690, 0.10499999999999998
2020-09-09, sz159915, -0.10599999999999987
2020-09-09, sz159992, -0.1060000000000001
2020-09-09, sh512690, 0.020999999999999908
2020-09-10, sz159915, -0.19399999999999995
2020-09-10, sz159992, -0.10400000000000009
2020-09-10, sh512690, 0.013000000000000123
2020-09-11, sz159915, -0.16200000000000037
2020-09-11, sz159992, -0.09199999999999986
2020-09-11, sh512690, 0.0050000000000001155
2020-09-14, sz159915, -0.06700000000000017
2020-09-14, sz159992, -0.10799999999999987
2020-09-14, sh512690, 0.028000000000000025
2020-09-15, sz159915, -0.09799999999999986
2020-09-15, sz159992, -0.09499999999999997
2020-09-15, sh512690, 0.007000000000000117
2020-09-16, sz159915, -0.19599999999999973
2020-09-16, sz159992, -0.17799999999999994
2020-09-16, sh512690, -0.10200000000000009
2020-09-17, 执行卖出，sh512690，价格：1.87，花费：284424.45，手续费：44.52
2020-09-17, 营业利润，毛利润：12380.08，净利润：12292.90
2020-09-17, sz159915, -0.16999999999999993
2020-09-17, sz159992, -0.18100000000000005
2020-09-17, sz159915, -0.16999999999999993
2020-09-18, sz159915, -0.14500000000000002
2020-09-18, sz159992, -0.15599999999999992
2020-09-18, sh512690, -0.10099999999999998
2020-09-21, sz159915, -0.19600000000000017
2020-09-21, sz159992, -0.15700000000000003
2020-09-21, sh512690, -0.11599999999999988
2020-09-22, sz159915, -0.18400000000000016
2020-09-22, sz159992, -0.15100000000000002
2020-09-22, sh512690, -0.16399999999999992
2020-09-23, sz159915, -0.1299999999999999
2020-09-23, sz159992, -0.09099999999999997
2020-09-23, sh512690, -0.10899999999999999
2020-09-24, sz159915, -0.09499999999999975
2020-09-24, sz159992, -0.052000000000000046
2020-09-24, sh512690, -0.1080000000000001
2020-09-25, sz159915, -0.1070000000000002
2020-09-25, sz159992, -0.06000000000000005
2020-09-25, sh512690, -0.05500000000000016
2020-09-28, sz159915, -0.005999999999999783
2020-09-28, sz159992, -0.02200000000000002
2020-09-28, sh512690, 0.006000000000000005
2020-09-29, 执行买入，sh512690，价格：1.82，花费：297304.70，手续费：44.60
2020-09-29, sz159915, 0.07600000000000007
2020-09-29, sz159992, -0.004999999999999893
2020-09-29, sh512690, -0.02100000000000013
2020-09-30, 执行卖出，sh512690，价格：1.82，花费：297304.70，手续费：44.50
2020-09-30, 执行买入，sz159915，价格：2.48，花费：294874.57，手续费：44.23
2020-09-30, 营业利润，毛利润：-651.98，净利润：-741.08
2020-09-30, sz159915, 0.040000000000000036
2020-09-30, sz159992, -0.014000000000000012
2020-09-30, sh512690, -0.07200000000000006
2020-10-09, sz159915, 0.09699999999999998
2020-10-09, sz159992, 0.050000000000000044
2020-10-09, sh512690, -0.07000000000000006
2020-10-12, sz159915, 0.17899999999999983
2020-10-12, sz159992, 0.06499999999999995
2020-10-12, sh512690, 0.028999999999999915
2020-10-13, sz159915, 0.21799999999999997
2020-10-13, sz159992, 0.11299999999999999
2020-10-13, sh512690, 0.06700000000000017
2020-10-14, sz159915, 0.20100000000000007
2020-10-14, sz159992, 0.123
2020-10-14, sh512690, 0.1100000000000001
2020-10-15, sz159915, 0.137
2020-10-15, sz159992, 0.09899999999999998
2020-10-15, sh512690, 0.08199999999999985
2020-10-16, sz159915, 0.15399999999999991
2020-10-16, sz159992, 0.11299999999999999
2020-10-16, sh512690, 0.08899999999999997
2020-10-19, sz159915, 0.13100000000000023
2020-10-19, sz159992, 0.07100000000000017
2020-10-19, sh512690, 0.08699999999999997
2020-10-20, sz159915, 0.137
2020-10-20, sz159992, 0.040000000000000036
2020-10-20, sh512690, 0.1479999999999999
2020-10-21, 执行卖出，sz159915，价格：2.65，花费：294874.57，手续费：47.25
2020-10-21, 执行买入，sh512690，价格：1.96，花费：313425.36，手续费：47.01
2020-10-21, 营业利润，毛利润：20110.49，净利润：20019.01
2020-10-21, sz159915, 0.15799999999999992
2020-10-21, sz159992, 0.06000000000000005
2020-10-21, sh512690, 0.19400000000000017
2020-10-22, sz159915, 0.125
2020-10-22, sz159992, 0.030000000000000027
2020-10-22, sh512690, 0.20500000000000007
2020-10-23, sz159915, 0.08199999999999985
2020-10-23, sz159992, 0.0040000000000000036
2020-10-23, sh512690, 0.15100000000000002
2020-10-26, sz159915, 0.053999999999999826
2020-10-26, sz159992, 0.0040000000000000036
2020-10-26, sh512690, 0.119
2020-10-27, sz159915, 0.07100000000000017
2020-10-27, sz159992, 0.030999999999999917
2020-10-27, sh512690, 0.137
2020-10-28, sz159915, -0.0040000000000000036
2020-10-28, sz159992, -0.0050000000000001155
2020-10-28, sh512690, 0.17899999999999983
2020-10-29, sz159915, -0.07599999999999962
2020-10-29, sz159992, -0.0129999999999999
2020-10-29, sh512690, 0.1299999999999999
2020-10-30, sz159915, -0.125
2020-10-30, sz159992, -0.05400000000000005
2020-10-30, sh512690, 0.06600000000000006
2020-11-02, sz159915, -0.051000000000000156
2020-11-02, sz159992, -0.05499999999999994
2020-11-02, sh512690, 0.09499999999999997
2020-11-03, sz159915, -0.0009999999999998899
2020-11-03, sz159992, -0.030000000000000027
2020-11-03, sh512690, 0.11699999999999999
2020-11-04, sz159915, 0.02400000000000002
2020-11-04, sz159992, -0.030999999999999917
2020-11-04, sh512690, 0.1469999999999998
2020-11-05, sz159915, 0.08999999999999986
2020-11-05, sz159992, 0.016000000000000014
2020-11-05, sh512690, 0.21500000000000008
2020-11-06, sz159915, -0.008000000000000007
2020-11-06, sz159992, -0.04300000000000015
2020-11-06, sh512690, 0.125
2020-11-09, sz159915, 0.10699999999999976
2020-11-09, sz159992, -0.018999999999999906
2020-11-09, sh512690, 0.15700000000000003
2020-11-10, sz159915, 0.09200000000000008
2020-11-10, sz159992, -0.004999999999999893
2020-11-10, sh512690, 0.18699999999999983
2020-11-11, sz159915, 0.07900000000000018
2020-11-11, sz159992, 0.01200000000000001
2020-11-11, sh512690, 0.2260000000000002
2020-11-12, sz159915, 0.07400000000000029
2020-11-12, sz159992, 0.016000000000000014
2020-11-12, sh512690, 0.3190000000000002
2020-11-13, sz159915, 0.05900000000000016
2020-11-13, sz159992, -0.02499999999999991
2020-11-13, sh512690, 0.18699999999999983
2020-11-16, sz159915, 0.04300000000000015
2020-11-16, sz159992, -0.016999999999999904
2020-11-16, sh512690, 0.20500000000000007
2020-11-17, sz159915, -0.03500000000000014
2020-11-17, sz159992, -0.08499999999999996
2020-11-17, sh512690, 0.125
2020-11-18, sz159915, -0.02900000000000036
2020-11-18, sz159992, -0.08600000000000008
2020-11-18, sh512690, 0.14900000000000002
2020-11-19, sz159915, -0.06099999999999994
2020-11-19, sz159992, -0.06800000000000006
2020-11-19, sh512690, 0.14100000000000001
2020-11-20, sz159915, -0.07299999999999995
2020-11-20, sz159992, -0.08200000000000007
2020-11-20, sh512690, 0.17600000000000016
2020-11-23, sz159915, -0.06499999999999995
2020-11-23, sz159992, -0.09299999999999997
2020-11-23, sh512690, 0.20000000000000018
2020-11-24, sz159915, -0.1080000000000001
2020-11-24, sz159992, -0.1140000000000001
2020-11-24, sh512690, 0.1549999999999998
2020-11-25, sz159915, -0.10899999999999999
2020-11-25, sz159992, -0.10099999999999998
2020-11-25, sh512690, 0.08999999999999986
2020-11-26, sz159915, -0.19700000000000006
2020-11-26, sz159992, -0.13400000000000012
2020-11-26, sh512690, 0.07399999999999984
2020-11-27, sz159915, -0.1419999999999999
2020-11-27, sz159992, -0.1160000000000001
2020-11-27, sh512690, 0.017000000000000348
2020-11-30, sz159915, -0.05400000000000027
2020-11-30, sz159992, -0.06999999999999984
2020-11-30, sh512690, -0.037000000000000366
2020-12-01, 执行卖出，sh512690，价格：2.15，花费：313425.36，手续费：51.42
2020-12-01, 营业利润，毛利润：29348.74，净利润：29250.31
2020-12-01, sz159915, -0.0050000000000003375
2020-12-01, sz159992, -0.050000000000000044
2020-12-01, sh512690, -0.08899999999999997
2020-12-02, sz159915, -0.026000000000000245
2020-12-02, sz159992, -0.04600000000000004
2020-12-02, sh512690, 0.016000000000000014
2020-12-03, 执行买入，sh512690，价格：2.16，花费：342759.79，手续费：51.41
2020-12-03, sz159915, -0.0009999999999998899
2020-12-03, sz159992, -0.027000000000000135
2020-12-03, sh512690, -0.040000000000000036
2020-12-04, 执行卖出，sh512690，价格：2.19，花费：342759.79，手续费：52.03
2020-12-04, 营业利润，毛利润：4120.09，净利润：4016.64
2020-12-04, sz159915, 0.06499999999999995
2020-12-04, sz159992, 0.026000000000000023
2020-12-04, sh512690, 0.07000000000000028
2020-12-07, 执行买入，sh512690，价格：2.26，花费：345802.24，手续费：51.87
2020-12-07, sz159915, 0.0940000000000003
2020-12-07, sz159992, 0.03300000000000014
2020-12-07, sh512690, 0.10699999999999976
2020-12-08, sz159915, 0.08999999999999986
2020-12-08, sz159992, 0.02499999999999991
2020-12-08, sh512690, 0.14400000000000013
2020-12-09, sz159915, 0.021999999999999797
2020-12-09, sz159992, 0.0
2020-12-09, sh512690, 0.07299999999999995
2020-12-10, sz159915, 0.03399999999999981
2020-12-10, sz159992, 0.014999999999999902
2020-12-10, sh512690, 0.06199999999999983
2020-12-11, sz159915, 0.019000000000000128
2020-12-11, sz159992, 0.016999999999999904
2020-12-11, sh512690, 0.07600000000000007
2020-12-14, sz159915, 0.11299999999999999
2020-12-14, sz159992, 0.05600000000000005
2020-12-14, sh512690, 0.2360000000000002
2020-12-15, sz159915, 0.14500000000000002
2020-12-15, sz159992, 0.09800000000000009
2020-12-15, sh512690, 0.19499999999999984
2020-12-16, sz159915, 0.1349999999999998
2020-12-16, sz159992, 0.09899999999999998
2020-12-16, sh512690, 0.25299999999999967
2020-12-17, sz159915, 0.15300000000000002
2020-12-17, sz159992, 0.1339999999999999
2020-12-17, sh512690, 0.3580000000000001
2020-12-18, sz159915, 0.0860000000000003
2020-12-18, sz159992, 0.10000000000000009
2020-12-18, sh512690, 0.34499999999999975
2020-12-21, sz159915, 0.18500000000000005
2020-12-21, sz159992, 0.119
2020-12-21, sh512690, 0.3600000000000003
2020-12-22, sz159915, 0.09899999999999975
2020-12-22, sz159992, 0.07699999999999996
2020-12-22, sh512690, 0.383
2020-12-23, sz159915, 0.1080000000000001
2020-12-23, sz159992, 0.05799999999999983
2020-12-23, sh512690, 0.2869999999999999
2020-12-24, sz159915, 0.09799999999999986
2020-12-24, sz159992, 0.06600000000000006
2020-12-24, sh512690, 0.2150000000000003
2020-12-25, sz159915, 0.1030000000000002
2020-12-25, sz159992, 0.09499999999999997
2020-12-25, sh512690, 0.1559999999999997
2020-12-28, sz159915, 0.14700000000000024
2020-12-28, sz159992, 0.09800000000000009
2020-12-28, sh512690, 0.29000000000000004
2020-12-29, sz159915, 0.0900000000000003
2020-12-29, sz159992, 0.06800000000000006
2020-12-29, sh512690, 0.242
2020-12-30, sz159915, 0.19799999999999995
2020-12-30, sz159992, 0.10099999999999998
2020-12-30, sh512690, 0.2789999999999999
2020-12-31, sz159915, 0.2250000000000001
2020-12-31, sz159992, 0.10799999999999987
2020-12-31, sh512690, 0.266
2021-01-04, sz159915, 0.30900000000000016
2021-01-04, sz159992, 0.07299999999999995
2021-01-04, sh512690, 0.395
2021-01-05, sz159915, 0.3210000000000002
2021-01-05, sz159992, 0.08299999999999996
2021-01-05, sh512690, 0.45500000000000007
2021-01-06, sz159915, 0.30900000000000016
2021-01-06, sz159992, 0.06499999999999995
2021-01-06, sh512690, 0.41000000000000014
2021-01-07, sz159915, 0.3679999999999999
2021-01-07, sz159992, 0.05599999999999983
2021-01-07, sh512690, 0.4410000000000003
2021-01-08, sz159915, 0.258
2021-01-08, sz159992, 0.04200000000000004
2021-01-08, sh512690, 0.34899999999999975
2021-01-11, sz159915, 0.2709999999999999
2021-01-11, sz159992, 0.025000000000000133
2021-01-11, sh512690, 0.19500000000000028
2021-01-12, 执行卖出，sh512690，价格：2.74，花费：345802.24，手续费：62.76
2021-01-12, 执行买入，sz159915，价格：2.98，花费：422376.26，手续费：63.36
2021-01-12, 营业利润，毛利润：72583.33，净利润：72468.70
2021-01-12, sz159915, 0.33099999999999996
2021-01-12, sz159992, 0.04800000000000004
2021-01-12, sh512690, 0.2959999999999998
2021-01-13, sz159915, 0.29899999999999993
2021-01-13, sz159992, 0.028999999999999915
2021-01-13, sh512690, 0.3299999999999996
2021-01-14, 执行卖出，sz159915，价格：3.01，花费：422376.26，手续费：63.99
2021-01-14, 执行买入，sh512690，价格：2.81，花费：423181.99，手续费：63.48
2021-01-14, 营业利润，毛利润：4252.11，净利润：4124.76
2021-01-14, sz159915, 0.238
2021-01-14, sz159992, -0.0239999999999998
2021-01-14, sh512690, 0.2370000000000001
2021-01-15, 执行卖出，sh512690，价格：2.71，花费：423181.99，手续费：61.20
2021-01-15, 执行买入，sz159915，价格：2.98，花费：408829.18，手续费：61.32
2021-01-15, 营业利润，毛利润：-15205.04，净利润：-15329.72
2021-01-15, sz159915, 0.2450000000000001
2021-01-15, sz159992, -0.0020000000000000018
2021-01-15, sh512690, 0.041999999999999815
2021-01-18, sz159915, 0.32899999999999974
2021-01-18, sz159992, 0.026999999999999913
2021-01-18, sh512690, 0.050000000000000266
2021-01-19, sz159915, 0.17700000000000005
2021-01-19, sz159992, -0.015999999999999792
2021-01-19, sh512690, -0.06199999999999983
2021-01-20, sz159915, 0.22999999999999998
2021-01-20, sz159992, 0.02100000000000013
2021-01-20, sh512690, -0.09100000000000019
2021-01-21, sz159915, 0.20000000000000018
2021-01-21, sz159992, 0.04800000000000004
2021-01-21, sh512690, -0.13099999999999978
2021-01-22, sz159915, 0.2530000000000001
2021-01-22, sz159992, 0.09600000000000009
2021-01-22, sh512690, -0.2639999999999998
2021-01-25, sz159915, 0.23899999999999988
2021-01-25, sz159992, 0.08699999999999997
2021-01-25, sh512690, -0.0950000000000002
2021-01-26, sz159915, 0.09600000000000009
2021-01-26, sz159992, 0.04700000000000015
2021-01-26, sh512690, -0.20500000000000007
2021-01-27, sz159915, 0.1299999999999999
2021-01-27, sz159992, 0.03200000000000003
2021-01-27, sh512690, -0.20799999999999974
2021-01-28, sz159915, 0.06800000000000006
2021-01-28, sz159992, 0.02200000000000002
2021-01-28, sh512690, -0.14700000000000024
2021-01-29, sz159915, -0.04700000000000015
2021-01-29, sz159992, -0.008000000000000007
2021-01-29, sh512690, -0.17799999999999994
2021-02-01, 执行卖出，sz159915，价格：3.02，花费：408829.18，手续费：62.23
2021-02-01, 营业利润，毛利润：6036.40，净利润：5912.85
2021-02-01, sz159915, 0.03100000000000014
2021-02-01, sz159992, 0.06000000000000005
2021-02-01, sh512690, -0.1519999999999997
2021-02-02, 执行买入，sz159992，价格：1.46，花费：413732.63，手续费：62.06
2021-02-02, sz159915, 0.13099999999999978
2021-02-02, sz159992, 0.09999999999999987
2021-02-02, sh512690, 0.052999999999999936
2021-02-03, 执行卖出，sz159992，价格：1.47，花费：413732.63，手续费：62.40
2021-02-03, 执行买入，sz159915，价格：3.13，花费：418613.98，手续费：62.79
2021-02-03, 营业利润，毛利润：2271.70，净利润：2147.24
2021-02-03, sz159915, 0.11599999999999966
2021-02-03, sz159992, 0.1180000000000001
2021-02-03, sh512690, 0.1379999999999999
2021-02-04, 执行卖出，sz159915，价格：3.09，花费：418613.98，手续费：62.03
2021-02-04, 执行买入，sh512690，价格：2.78，花费：410841.20，手续费：61.63
2021-02-04, 营业利润，毛利润：-5085.46，净利润：-5210.29
2021-02-04, sz159915, 0.052000000000000046
2021-02-04, sz159992, 0.08600000000000008
2021-02-04, sh512690, 0.17799999999999994
2021-02-05, sz159915, 0.1080000000000001
2021-02-05, sz159992, 0.1399999999999999
2021-02-05, sh512690, 0.2610000000000001
2021-02-05, sz159915, 0.1080000000000001
2021-02-05, sz159992, 0.10799999999999987
2021-02-05, sh512690, 0.242
2021-02-09, sz159915, 0.1259999999999999
2021-02-09, sz159992, 0.10699999999999998
2021-02-09, sh512690, 0.23999999999999977
2021-02-10, sz159915, 0.11699999999999999
2021-02-10, sz159992, 0.08699999999999997
2021-02-10, sh512690, 0.3939999999999997
2021-02-18, sz159915, -0.039000000000000146
2021-02-18, sz159992, 0.0030000000000001137
2021-02-18, sh512690, 0.11100000000000021
2021-02-19, sz159915, -0.07200000000000006
2021-02-19, sz159992, 0.03699999999999992
2021-02-19, sh512690, 0.16999999999999993
2021-02-22, sz159915, -0.1200000000000001
2021-02-22, sz159992, -0.015000000000000124
2021-02-22, sh512690, 0.029999999999999805
2021-02-23, sz159915, -0.15700000000000003
2021-02-23, sz159992, 0.03299999999999992
2021-02-23, sh512690, 0.07299999999999995
2021-02-24, sz159915, -0.15300000000000002
2021-02-24, sz159992, -0.010999999999999899
2021-02-24, sh512690, -0.1259999999999999
2021-02-25, 执行卖出，sh512690，价格：2.56，花费：410841.20，手续费：56.81
2021-02-25, 营业利润，毛利润：-32092.35，净利润：-32210.79
2021-02-25, sz159915, -0.1509999999999998
2021-02-25, sz159992, -0.05600000000000005
2021-02-25, sh512690, -0.16600000000000037
2021-02-26, sz159915, -0.242
2021-02-26, sz159992, -0.08299999999999996
2021-02-26, sh512690, -0.3460000000000001
2021-03-01, sz159915, -0.22399999999999975
2021-03-01, sz159992, -0.07500000000000018
2021-03-01, sh512690, -0.347
2021-03-02, sz159915, -0.2469999999999999
2021-03-02, sz159992, -0.08899999999999997
2021-03-02, sh512690, -0.42799999999999994
2021-03-03, sz159915, -0.19799999999999995
2021-03-03, sz159992, -0.09600000000000009
2021-03-03, sh512690, -0.403
2021-03-04, sz159915, -0.3330000000000002
2021-03-04, sz159992, -0.16699999999999982
2021-03-04, sh512690, -0.5299999999999998
2021-03-05, sz159915, -0.4500000000000002
2021-03-05, sz159992, -0.19300000000000006
2021-03-05, sh512690, -0.5669999999999997
2021-03-08, sz159915, -0.6600000000000001
2021-03-08, sz159992, -0.31000000000000005
2021-03-08, sh512690, -0.8719999999999999
2021-03-09, sz159915, -0.6549999999999998
2021-03-09, sz159992, -0.278
2021-03-09, sh512690, -0.8260000000000001
2021-03-10, sz159915, -0.5840000000000001
2021-03-10, sz159992, -0.2430000000000001
2021-03-10, sh512690, -0.746
2021-03-11, sz159915, -0.3820000000000001
2021-03-11, sz159992, -0.14300000000000002
2021-03-11, sh512690, -0.43800000000000017
2021-03-12, sz159915, -0.351
2021-03-12, sz159992, -0.15300000000000002
2021-03-12, sh512690, -0.4299999999999997
2021-03-15, sz159915, -0.34899999999999975
2021-03-15, sz159992, -0.14900000000000002
2021-03-15, sh512690, -0.395
2021-03-16, sz159915, -0.29899999999999993
2021-03-16, sz159992, -0.1280000000000001
2021-03-16, sh512690, -0.2839999999999998
2021-03-17, sz159915, -0.20699999999999985
2021-03-17, sz159992, -0.10899999999999999
2021-03-17, sh512690, -0.18399999999999972
2021-03-18, sz159915, -0.24400000000000022
2021-03-18, sz159992, -0.09899999999999998
2021-03-18, sh512690, -0.12299999999999978
2021-03-19, sz159915, -0.2799999999999998
2021-03-19, sz159992, -0.08800000000000008
2021-03-19, sh512690, -0.11400000000000032
2021-03-22, sz159915, -0.2929999999999997
2021-03-22, sz159992, -0.09599999999999986
2021-03-22, sh512690, -0.15700000000000003
2021-03-23, sz159915, -0.1719999999999997
2021-03-23, sz159992, -0.049000000000000155
2021-03-23, sh512690, -0.026000000000000245
2021-03-24, sz159915, -0.22899999999999965
2021-03-24, sz159992, -0.05899999999999994
2021-03-24, sh512690, -0.05400000000000027
2021-03-25, sz159915, -0.06599999999999984
2021-03-25, sz159992, 0.02400000000000002
2021-03-25, sh512690, 0.09799999999999986
2021-03-26, 执行买入，sh512690，价格：2.28，花费：380427.70，手续费：57.06
2021-03-26, sz159915, 0.10299999999999976
2021-03-26, sz159992, 0.1060000000000001
2021-03-26, sh512690, 0.2410000000000001
2021-03-29, sz159915, 0.051000000000000156
2021-03-29, sz159992, 0.08100000000000018
2021-03-29, sh512690, 0.23599999999999977
2021-03-30, sz159915, 0.02300000000000013
2021-03-30, sz159992, 0.06900000000000017
2021-03-30, sh512690, 0.15100000000000025
2021-03-31, sz159915, 0.007000000000000117
2021-03-31, sz159992, 0.05700000000000016
2021-03-31, sh512690, 0.10499999999999998
2021-04-01, sz159915, 0.1629999999999998
2021-04-01, sz159992, 0.127
2021-04-01, sh512690, 0.27700000000000014
2021-04-02, sz159915, 0.1769999999999996
2021-04-02, sz159992, 0.1140000000000001
2021-04-02, sh512690, 0.32600000000000007
2021-04-06, sz159915, 0.12299999999999978
2021-04-06, sz159992, 0.09499999999999997
2021-04-06, sh512690, 0.262
2021-04-07, sz159915, 0.05699999999999994
2021-04-07, sz159992, 0.049000000000000155
2021-04-07, sh512690, 0.08699999999999974
2021-04-08, sz159915, 0.14900000000000002
2021-04-08, sz159992, 0.09699999999999998
2021-04-08, sh512690, 0.18800000000000017
2021-04-09, sz159915, 0.08299999999999974
2021-04-09, sz159992, 0.052999999999999936
2021-04-09, sh512690, 0.11799999999999988
2021-04-12, sz159915, 0.0479999999999996
2021-04-12, sz159992, 0.02400000000000002
2021-04-12, sh512690, 0.09800000000000031
2021-04-13, sz159915, 0.10599999999999987
2021-04-13, sz159992, 0.04699999999999993
2021-04-13, sh512690, 0.13000000000000034
2021-04-14, sz159915, 0.13999999999999968
2021-04-14, sz159992, 0.040000000000000036
2021-04-14, sh512690, 0.17900000000000027
2021-04-15, sz159915, 0.04800000000000004
2021-04-15, sz159992, -0.0050000000000001155
2021-04-15, sh512690, 0.08199999999999985
2021-04-16, sz159915, 0.051000000000000156
2021-04-16, sz159992, -0.01100000000000012
2021-04-16, sh512690, 0.08500000000000041
2021-04-19, sz159915, 0.125
2021-04-19, sz159992, 0.0039999999999997815
2021-04-19, sh512690, 0.1120000000000001
2021-04-20, 执行卖出，sh512690，价格：2.51，花费：380427.70，手续费：62.66
2021-04-20, 执行买入，sz159915，价格：2.79，花费：416240.04，手续费：62.44
2021-04-20, 营业利润，毛利润：37326.24，净利润：37206.51
2021-04-20, sz159915, 0.1259999999999999
2021-04-20, sz159992, 0.02299999999999991
2021-04-20, sh512690, 0.1719999999999997
2021-04-21, 执行卖出，sz159915，价格：2.77，花费：416240.04，手续费：61.97
2021-04-21, 执行买入，sh512690，价格：2.52，花费：411193.44，手续费：61.68
2021-04-21, 营业利润，毛利润：-3135.24，净利润：-3259.64
2021-04-21, sz159915, 0.09600000000000009
2021-04-21, sz159992, 0.03200000000000003
2021-04-21, sh512690, 0.17399999999999993
2021-04-22, sz159915, 0.0810000000000004
2021-04-22, sz159992, 0.03499999999999992
2021-04-22, sh512690, 0.06300000000000017
2021-04-23, 执行卖出，sh512690，价格：2.60，花费：411193.44，手续费：63.56
2021-04-23, 执行买入，sz159915，价格：2.82，花费：423763.79，手续费：63.56
2021-04-23, 营业利润，毛利润：12564.24，净利润：12439.00
2021-04-23, sz159915, 0.16100000000000003
2021-04-23, sz159992, 0.06600000000000006
2021-04-23, sh512690, 0.12399999999999967
2021-04-26, sz159915, 0.15600000000000014
2021-04-26, sz159992, 0.07299999999999995
2021-04-26, sh512690, 0.17800000000000038
2021-04-27, 执行卖出，sz159915，价格：2.86，花费：423763.79，手续费：64.31
2021-04-27, 执行买入，sh512690，价格：2.59，花费：431556.00，手续费：64.73
2021-04-27, 营业利润，毛利润：4951.91，净利润：4824.04
2021-04-27, sz159915, 0.1559999999999997
2021-04-27, sz159992, 0.09100000000000019
2021-04-27, sh512690, 0.17799999999999994
2021-04-28, sz159915, 0.2589999999999999
2021-04-28, sz159992, 0.15300000000000002
2021-04-28, sh512690, 0.30500000000000016
2021-04-29, sz159915, 0.3250000000000002
2021-04-29, sz159992, 0.17799999999999994
2021-04-29, sh512690, 0.30799999999999983
2021-04-30, 执行卖出，sh512690，价格：2.68，花费：431556.00，手续费：66.78
2021-04-30, 执行买入，sz159915，价格：2.94，花费：442714.61，手续费：66.41
2021-04-30, 营业利润，毛利润：13642.09，净利润：13510.58
2021-04-30, sz159915, 0.33999999999999986
2021-04-30, sz159992, 0.19999999999999996
2021-04-30, sh512690, 0.24499999999999966
2021-05-06, sz159915, 0.19700000000000006
2021-05-06, sz159992, 0.12400000000000011
2021-05-06, sh512690, 0.13200000000000012
2021-05-07, sz159915, 0.121
2021-05-07, sz159992, 0.07899999999999996
2021-05-07, sh512690, 0.1080000000000001
2021-05-10, sz159915, 0.1389999999999998
2021-05-10, sz159992, 0.12200000000000011
2021-05-10, sh512690, 0.010999999999999677
2021-05-11, sz159915, 0.02499999999999991
2021-05-11, sz159992, 0.1060000000000001
2021-05-11, sh512690, 0.06800000000000006
2021-05-12, 执行卖出，sz159915，价格：2.81，花费：442714.61，手续费：63.52
2021-05-12, 执行买入，sz159992，价格：1.48，花费：423118.24，手续费：63.47
2021-05-12, 营业利润，毛利润：-19268.10，净利润：-19398.02
2021-05-12, sz159915, 0.07400000000000029
2021-05-12, sz159992, 0.135
2021-05-12, sh512690, 0.08300000000000018
2021-05-13, sz159915, 0.03100000000000014
2021-05-13, sz159992, 0.11199999999999988
2021-05-13, sh512690, 0.03600000000000003
2021-05-14, sz159915, 0.09999999999999964
2021-05-14, sz159992, 0.14400000000000013
2021-05-14, sh512690, 0.03600000000000003
2021-05-17, sz159915, 0.1160000000000001
2021-05-17, sz159992, 0.1499999999999999
2021-05-17, sh512690, -1.2320000000000002
2021-05-18, sz159915, 0.125
2021-05-18, sz159915, 0.125
2021-05-18, sh512690, -1.253
2021-05-19, 执行卖出，sz159992，价格：1.56，花费：423118.24，手续费：67.03
2021-05-19, 执行买入，sz159915，价格：2.96，花费：443896.08，手续费：66.58
2021-05-19, 营业利润，毛利润：23744.97，净利润：23614.47
2021-05-19, sz159915, 0.1280000000000001
2021-05-19, sz159992, 0.07699999999999996
2021-05-19, sh512690, -1.2180000000000002
2021-05-20, sz159915, 0.0940000000000003
2021-05-20, sz159992, 0.04499999999999993
2021-05-20, sh512690, -1.2309999999999999
2021-05-21, sz159915, 0.06000000000000005
2021-05-21, sz159992, 0.020000000000000018
2021-05-21, sh512690, -1.2980000000000003
2021-05-24, sz159915, 0.04700000000000015
2021-05-24, sz159992, -0.02400000000000002
2021-05-24, sh512690, -1.252
2021-05-25, sz159915, 0.2150000000000003
2021-05-25, sz159992, 0.09099999999999997
2021-05-25, sh512690, -1.1829999999999998
2021-05-26, sz159915, 0.27600000000000025
2021-05-26, sz159992, 0.13400000000000012
2021-05-26, sh512690, -1.1170000000000002
2021-05-27, sz159915, 0.2909999999999999
2021-05-27, sz159992, 0.09699999999999998
2021-05-27, sh512690, -1.068
2021-05-28, sz159915, 0.29800000000000004
2021-05-28, sz159992, 0.038999999999999924
2021-05-28, sh512690, -1.0259999999999998
2021-05-31, sz159915, 0.3299999999999996
2021-05-31, sz159992, 0.04200000000000004
2021-05-31, sh512690, -1.108
2021-06-01, sz159915, 0.34299999999999997
2021-06-01, sz159992, 0.05700000000000016
2021-06-01, sh512690, -1.137
2021-06-02, sz159915, 0.19600000000000017
2021-06-02, sz159992, -0.013000000000000123
2021-06-02, sh512690, -1.1740000000000002
2021-06-03, sz159915, 0.09200000000000008
2021-06-03, sz159992, -0.06499999999999995
2021-06-03, sh512690, 0.1140000000000001
2021-06-04, 执行卖出，sz159915，价格：3.08，花费：443896.08，手续费：69.10
2021-06-04, 执行买入，sh512690，价格：1.48，花费：461995.26，手续费：69.30
2021-06-04, 营业利润，毛利润：16767.74，净利润：16632.06
2021-06-04, sz159915, 0.15300000000000002
2021-06-04, sz159992, -0.028000000000000025
2021-06-04, sh512690, 0.14100000000000001
2021-06-07, 执行卖出，sh512690，价格：1.53，花费：461995.26，手续费：71.60
2021-06-07, 执行买入，sz159915，价格：3.14，花费：475728.06，手续费：71.36
2021-06-07, 营业利润，毛利润：15326.86，净利润：15185.96
2021-06-07, sz159915, 0.10999999999999988
2021-06-07, sz159992, -0.009000000000000119
2021-06-07, sh512690, 0.18999999999999995
2021-06-08, 执行卖出，sz159915，价格：3.12，花费：475728.06，手续费：70.95
2021-06-08, 执行买入，sh512690，价格：1.55，花费：473656.75，手续费：71.05
2021-06-08, 营业利润，毛利润：-2730.58，净利润：-2872.89
2021-06-08, sz159915, 0.06199999999999983
2021-06-08, sz159992, -0.03200000000000003
2021-06-08, sh512690, 0.04800000000000004
2021-06-09, 执行卖出，sh512690，价格：1.43，花费：473656.75，手续费：65.50
2021-06-09, 执行买入，sz159915，价格：3.10，花费：442319.33，手续费：66.35
2021-06-09, 营业利润，毛利润：-36975.78，净利润：-37112.34
2021-06-09, sz159915, 0.08800000000000008
2021-06-09, sz159992, -0.004999999999999893
2021-06-09, sh512690, 0.04400000000000004
2021-06-10, sz159915, 0.1429999999999998
2021-06-10, sz159992, 0.02400000000000002
2021-06-10, sh512690, 0.03200000000000003
2021-06-11, sz159915, 0.07599999999999962
2021-06-11, sz159992, -0.017000000000000126
2021-06-11, sh512690, -0.040999999999999925
2021-06-15, sz159915, 0.05999999999999961
2021-06-15, sz159992, -0.04400000000000004
2021-06-15, sh512690, -0.028000000000000025
2021-06-16, sz159915, -0.09399999999999986
2021-06-16, sz159992, -0.08800000000000008
2021-06-16, sh512690, -0.06899999999999995
2021-06-17, 执行卖出，sz159915，价格：3.02，花费：442319.33，手续费：64.78
2021-06-17, 营业利润，毛利润：-10429.36，净利润：-10560.50
2021-06-17, sz159915, -0.03299999999999992
2021-06-17, sz159992, -0.04599999999999982
2021-06-17, sh512690, -0.03100000000000014
13, 118.27%, 10.25%
