,symbol,name,trade,pricechange,changepercent,buy,sell,settlement,open,high,low,volume,amount,code,ticktime,state,statetxt
0,sz169201,浙商鼎盈,0.000,0.000,0.000,1.969,2.039,2.000,0.000,0.000,0.000,0,0,169201,10:55:21,00,正常
1,sz169107,东证恒阳,1.256,0.000,0.000,1.251,1.256,1.256,1.261,1.261,1.251,21314,26730,169107,10:55:30,00,正常
2,sz169106,东证创优,1.000,-0.001,-0.100,0.999,1.000,1.001,1.000,1.000,0.998,368886,368595,169106,10:55:24,00,正常
3,sz169105,东证睿华,2.361,-0.016,-0.673,2.360,2.361,2.377,2.360,2.361,2.350,37200,87598,169105,10:55:15,00,正常
4,sz169104,东证睿满,2.814,-0.022,-0.776,2.810,2.814,2.836,2.836,2.836,2.809,530389,1495921,169104,10:55:27,00,正常
5,sz169103,东证睿轩,1.954,-0.001,-0.051,1.942,1.954,1.955,1.955,1.973,1.950,42900,84194,169103,10:55:18,00,正常
6,sz169102,东证睿阳,2.148,-0.002,-0.093,2.132,2.148,2.150,2.149,2.165,2.122,77400,165756,169102,10:56:03,00,正常
7,sz169101,东证睿丰,2.392,-0.013,-0.541,2.391,2.404,2.405,2.409,2.409,2.383,91400,219237,169101,10:55:54,00,正常
8,sz168701,金融科技,1.060,-0.011,-1.027,1.060,1.062,1.071,1.073,1.073,1.057,13300,14171,168701,10:55:18,00,正常
9,sz168401,红土精选,2.510,-0.009,-0.357,2.502,2.529,2.519,2.520,2.550,2.510,7102,17944,168401,10:55:54,00,正常
10,sz168301,东海祥龙,0.000,0.000,0.000,1.617,1.654,1.630,0.000,0.000,0.000,0,0,168301,10:56:00,00,正常
11,sz168207,中融创业,1.018,-0.002,-0.196,1.018,1.019,1.020,1.030,1.030,1.012,976905,994566,168207,10:55:27,00,正常
12,sz168204,中融煤炭,1.183,-0.015,-1.252,1.183,1.196,1.198,1.179,1.200,1.179,6114,7221,168204,10:55:48,00,正常
13,sz168203,中融钢铁,1.190,0.017,1.449,1.187,1.197,1.173,1.186,1.190,1.186,9200,10947,168203,10:56:03,00,正常
14,sz168108,九泰锐诚,0.000,0.000,0.000,1.482,1.510,1.500,0.000,0.000,0.000,0,0,168108,10:55:15,00,正常
15,sz168106,盈华A,0.000,0.000,0.000,1.423,1.460,1.460,0.000,0.000,0.000,0,0,168106,10:56:00,00,正常
16,sz168104,九泰锐丰,2.232,-0.045,-1.976,2.216,2.240,2.277,2.232,2.232,2.232,300,670,168104,10:56:06,00,正常
17,sz168102,九泰锐富,1.501,-0.004,-0.266,1.491,1.520,1.505,1.506,1.506,1.500,62100,93402,168102,10:56:00,00,正常
18,sz168101,九泰锐智,0.000,0.000,0.000,2.073,2.100,2.100,0.000,0.000,0.000,0,0,168101,10:55:27,00,正常
19,sz168002,国寿精选,0.000,0.000,0.000,2.429,2.498,2.480,0.000,0.000,0.000,0,0,168002,10:55:39,00,正常
20,sz167508,安信价值,1.335,-0.002,-0.150,1.335,1.337,1.337,1.334,1.338,1.334,97305,129846,167508,10:55:24,00,正常
21,sz167506,深圳科技,1.507,0.000,0.000,1.496,1.508,1.507,1.508,1.508,1.507,21300,32119,167506,10:56:03,00,正常
22,sz167302,湾区LOF,0.000,0.000,0.000,1.196,1.209,1.210,0.000,0.000,0.000,0,0,167302,10:56:06,00,正常
23,sz167301,保险主题,0.893,0.000,0.000,0.892,0.893,0.893,0.892,0.896,0.890,2550688,2279046,167301,10:56:03,00,正常
24,sz167003,平安鼎弘,0.000,0.000,0.000,1.107,1.128,1.124,0.000,0.000,0.000,0,0,167003,10:55:48,00,正常
25,sz167002,平安鼎越,2.351,0.019,0.815,2.348,2.390,2.332,2.343,2.414,2.343,31394,74878,167002,10:55:30,00,正常
26,sz167001,平安鼎泰,1.779,0.005,0.282,1.779,1.780,1.774,1.774,1.800,1.741,372315,656673,167001,10:56:03,00,正常
27,sz166902,民生增利,1.054,0.000,0.000,1.045,1.053,1.054,1.054,1.054,1.054,700,738,166902,10:55:21,00,正常
28,sz166402,沪港深F,0.000,0.000,0.000,1.001,1.040,1.026,0.000,0.000,0.000,0,0,166402,10:55:54,00,正常
29,sz166107,多因子A,1.399,0.024,1.745,1.383,1.397,1.375,1.396,1.399,1.395,3200,4467,166107,10:55:45,00,正常
30,sz166027,中欧创业,1.037,0.002,0.193,1.036,1.037,1.035,1.037,1.040,1.033,2034305,2108431,166027,10:56:03,00,正常
31,sz166025,中欧远见,1.244,-0.001,-0.080,1.243,1.245,1.245,1.245,1.249,1.243,69100,86030,166025,10:55:51,00,正常
32,sz166024,中欧恒利,1.013,-0.001,-0.099,1.014,1.017,1.014,1.013,1.020,1.013,172600,175067,166024,10:55:24,00,正常
33,sz166023,中欧瑞丰,1.407,0.000,0.000,1.398,1.407,1.407,1.417,1.417,1.393,177192,248254,166023,10:55:24,00,正常
34,sz166016,中欧纯债,0.000,0.000,0.000,1.106,1.112,1.112,0.000,0.000,0.000,0,0,166016,10:56:03,00,正常
35,sz166011,中欧盛世,0.000,0.000,0.000,2.632,2.659,2.630,0.000,0.000,0.000,0,0,166011,10:56:03,00,正常
36,sz166009,中欧动力,3.508,0.000,0.000,3.479,3.529,3.508,3.508,3.508,3.508,100,351,166009,10:55:15,00,正常
37,sz166008,中欧强债,0.993,0.002,0.202,0.994,0.995,0.991,0.994,0.994,0.991,1714,1703,166008,10:55:48,00,正常
38,sz166006,中欧成长,2.605,-0.009,-0.344,2.596,2.603,2.614,2.617,2.618,2.598,467686,1220031,166006,10:55:18,00,正常
39,sz166001,中欧趋势,1.748,-0.007,-0.399,1.745,1.748,1.755,1.750,1.764,1.740,140100,244825,166001,10:55:30,00,正常
40,sz165528,信诚鼎利,1.551,0.000,0.000,1.552,1.592,1.551,1.551,1.551,1.551,7,11,165528,10:56:00,00,正常
41,sz165525,基建工程,0.685,0.002,0.293,0.685,0.686,0.683,0.684,0.687,0.684,3393485,2326391,165525,10:55:48,00,正常
42,sz165522,信诚TMT,0.935,-0.004,-0.426,0.935,0.941,0.939,0.936,0.939,0.929,7589,7064,165522,10:55:27,00,正常
43,sz165521,信诚金融,1.128,0.000,0.000,1.127,1.132,1.128,1.125,1.128,1.125,132993,150013,165521,10:56:00,00,正常
44,sz165520,信诚有色,1.484,-0.008,-0.536,1.484,1.492,1.492,1.500,1.502,1.484,21865,32680,165520,10:55:36,00,正常
45,sz165517,信诚双盈,0.000,0.000,0.000,0.883,0.892,0.890,0.000,0.000,0.000,0,0,165517,10:55:36,00,正常
46,sz165516,信诚周期,5.579,-0.060,-1.064,5.553,5.560,5.639,5.638,5.638,5.522,478400,2667962,165516,10:55:51,00,正常
47,sz165515,信诚300,1.266,-0.004,-0.315,1.252,1.266,1.270,1.270,1.270,1.250,815296,1032325,165515,10:55:39,00,正常
48,sz165513,信诚商品,0.420,0.000,0.000,0.419,0.420,0.420,0.419,0.420,0.418,598000,250707,165513,10:55:18,00,正常
49,sz165512,信诚机遇,1.875,0.001,0.053,1.858,1.875,1.874,1.875,1.875,1.855,4667,8664,165512,10:56:03,00,正常
50,sz165511,信诚500,1.680,0.006,0.358,1.662,1.679,1.674,1.695,1.704,1.649,30482,50900,165511,10:55:39,00,正常
51,sz165510,信诚四国,0.844,0.000,0.000,0.843,0.844,0.844,0.845,0.845,0.844,3000,2535,165510,10:56:06,00,正常
52,sz165509,信诚增强,1.289,0.007,0.546,1.266,1.289,1.282,1.288,1.289,1.288,200,258,165509,10:55:09,00,正常
53,sz165508,信诚深度,2.610,-0.018,-0.685,2.595,2.628,2.628,2.610,2.610,2.610,900,2349,165508,10:55:18,00,正常
54,sz165317,建信丰裕,2.272,-0.088,-3.729,2.304,2.360,2.360,2.272,2.272,2.272,1000,2272,165317,10:56:00,00,正常
55,sz165313,建信优势,3.218,-0.011,-0.341,3.216,3.221,3.229,3.226,3.243,3.218,248111,799422,165313,10:55:57,00,正常
56,sz165309,建信300,1.848,-0.007,-0.377,1.844,1.866,1.855,1.848,1.848,1.848,1000,1848,165309,10:55:39,00,正常
57,sz164906,中国互联,1.791,-0.010,-0.555,1.790,1.791,1.801,1.797,1.797,1.785,4164136,7447955,164906,10:56:00,00,正常
58,sz164902,交银添利,1.197,-0.001,-0.083,1.193,1.197,1.198,1.197,1.197,1.197,100,120,164902,10:56:00,00,正常
59,sz164824,印度基金,1.139,-0.005,-0.437,1.138,1.139,1.144,1.143,1.143,1.134,77300,87899,164824,10:55:18,00,正常
60,sz164814,工银双债,0.000,0.000,0.000,1.030,1.051,1.044,0.000,0.000,0.000,0,0,164814,10:55:12,00,正常
61,sz164810,工银纯债,1.016,0.000,0.000,1.015,1.016,1.016,1.016,1.016,1.016,63800,64821,164810,10:55:45,00,正常
62,sz164705,添富恒生,1.130,0.000,0.000,1.121,1.130,1.130,1.130,1.130,1.130,500,565,164705,10:55:12,00,正常
63,sz164702,添富季红,0.984,-0.009,-0.906,0.985,0.992,0.993,0.992,0.992,0.984,3900,3868,164702,10:55:09,00,正常
64,sz164701,添富贵金,0.748,0.001,0.134,0.747,0.748,0.747,0.748,0.748,0.747,1789,1338,164701,10:55:33,00,正常
65,sz164606,信用增利,0.000,0.000,0.000,1.132,1.226,1.140,0.000,0.000,0.000,0,0,164606,10:56:06,00,正常
66,sz164509,国富恒利,0.000,0.000,0.000,0.942,0.948,0.942,0.000,0.000,0.000,0,0,164509,10:55:48,00,正常
67,sz164508,国富100,0.000,0.000,0.000,1.454,1.483,1.484,0.000,0.000,0.000,0,0,164508,10:55:36,00,正常
68,sz164403,农业精选,1.606,0.002,0.125,1.606,1.607,1.604,1.602,1.606,1.598,97597,156202,164403,10:56:03,00,正常
69,sz163907,中海惠裕,0.000,0.000,0.000,0.821,0.826,0.826,0.000,0.000,0.000,0,0,163907,10:56:06,00,正常
70,sz163821,中银300E,2.092,-0.006,-0.286,2.094,2.113,2.098,2.117,2.117,2.092,43100,90618,163821,10:55:15,00,正常
71,sz163801,中银中国,0.000,0.000,0.000,2.007,2.028,2.039,0.000,0.000,0.000,0,0,163801,10:55:45,00,正常
72,sz163503,天治核心,0.675,-0.001,-0.148,0.676,0.681,0.676,0.678,0.683,0.674,104369,70913,163503,10:55:30,00,正常
73,sz163418,兴全合兴,0.999,-0.001,-0.100,0.999,1.000,1.000,1.000,1.009,0.999,3484684,3492101,163418,10:55:51,00,正常
74,sz163417,兴全合宜,2.040,-0.010,-0.488,2.039,2.040,2.050,2.055,2.057,2.036,31401571,64181031,163417,10:56:06,00,正常
75,sz163415,兴全模式,3.905,0.016,0.411,3.905,3.910,3.889,3.906,3.919,3.885,4882478,19075584,163415,10:56:00,00,正常
76,sz163412,兴全轻资,3.794,0.006,0.158,3.793,3.794,3.788,3.801,3.835,3.782,179945,683840,163412,10:55:42,00,正常
77,sz163409,兴全绿色,2.258,-0.005,-0.221,2.256,2.258,2.263,2.265,2.279,2.252,441404,997691,163409,10:55:54,00,正常
78,sz163407,兴全300,2.633,-0.016,-0.604,2.634,2.646,2.649,2.641,2.653,2.629,48746,128651,163407,10:56:03,00,正常
79,sz163406,兴全合润,2.125,0.002,0.094,2.125,2.126,2.123,2.131,2.136,2.116,10343051,22007639,163406,10:56:06,00,正常
80,sz163402,兴全趋势,0.989,0.000,0.000,0.988,0.989,0.989,0.989,0.992,0.985,18066622,17862531,163402,10:56:03,00,正常
81,sz163302,大摩资源,0.000,0.000,0.000,1.792,1.819,1.810,0.000,0.000,0.000,0,0,163302,10:55:54,00,正常
82,sz163208,诺安油气,0.672,0.002,0.299,0.672,0.673,0.670,0.670,0.675,0.670,245974,165284,163208,10:56:06,00,正常
83,sz163116,申万电子,1.076,-0.007,-0.646,1.080,1.083,1.083,1.076,1.076,1.076,100,108,163116,10:55:24,00,正常
84,sz163115,申万军工,1.086,-0.021,-1.897,1.085,1.092,1.107,1.108,1.112,1.086,107456,117704,163115,10:56:03,00,正常
85,sz163114,申万环保,1.469,-0.027,-1.805,1.467,1.470,1.496,1.496,1.496,1.465,151523,224033,163114,10:55:21,00,正常
86,sz163113,申万证券,0.928,-0.006,-0.642,0.928,0.929,0.934,0.935,0.956,0.928,634820,597655,163113,10:55:21,00,正常
87,sz163111,申万中小,1.602,0.007,0.439,1.587,1.594,1.595,1.568,1.602,1.568,3100,4895,163111,10:55:18,00,正常
88,sz163110,申万量化,0.000,0.000,0.000,2.287,2.379,2.308,0.000,0.000,0.000,0,0,163110,10:55:39,00,正常
89,sz163109,申万深成,0.775,-0.004,-0.513,0.775,0.777,0.779,0.779,0.781,0.775,115511,89788,163109,10:55:27,00,正常
90,sz163005,长信利众,0.000,0.000,0.000,0.855,0.860,0.856,0.000,0.000,0.000,0,0,163005,10:56:00,00,正常
91,sz163001,长信医疗,2.717,0.002,0.074,2.715,2.725,2.715,2.715,2.729,2.694,58066,157525,163001,10:55:09,00,正常
92,sz162720,创业广发,0.989,-0.002,-0.202,0.988,0.989,0.991,0.990,0.992,0.985,2215076,2190624,162720,10:56:00,00,正常
93,sz162719,广发石油,1.189,0.013,1.105,1.189,1.190,1.176,1.187,1.190,1.182,690535,820512,162719,10:55:21,00,正常
94,sz162717,再融资,1.451,-0.001,-0.069,1.450,1.451,1.452,1.452,1.452,1.451,2200,3192,162717,10:55:15,00,正常
95,sz162715,广发聚源,1.101,-0.003,-0.272,1.100,1.101,1.104,1.101,1.101,1.101,300,330,162715,10:55:18,00,正常
96,sz162711,广发500L,1.500,-0.003,-0.200,1.500,1.524,1.503,1.526,1.529,1.495,16500,24995,162711,10:55:21,00,正常
97,sz162703,广发小盘,3.403,-0.027,-0.787,3.403,3.404,3.430,3.431,3.450,3.380,2117152,7242894,162703,10:56:03,00,正常
98,sz162607,景顺资源,0.564,0.002,0.356,0.563,0.564,0.562,0.561,0.564,0.559,185634,104591,162607,10:56:06,00,正常
99,sz162605,景顺鼎益,3.380,-0.013,-0.383,3.378,3.381,3.393,3.383,3.395,3.360,7658075,25885232,162605,10:56:06,00,正常
100,sz162510,国安中小,0.000,0.000,0.000,1.106,1.119,1.110,0.000,0.000,0.000,0,0,162510,10:55:51,00,正常
101,sz162509,中证100E,1.026,-0.004,-0.388,1.029,1.038,1.030,1.026,1.042,1.026,6734,6938,162509,10:55:33,00,正常
102,sz162416,香港本地,1.089,-0.011,-1.000,1.079,1.097,1.100,1.079,1.089,1.079,200,217,162416,10:55:33,00,正常
103,sz162415,美国消费,2.123,0.003,0.142,2.121,2.123,2.120,2.122,2.124,2.120,75900,161071,162415,10:55:48,00,正常
104,sz162414,新机遇,0.000,0.000,0.000,1.593,1.608,1.592,0.000,0.000,0.000,0,0,162414,10:55:33,00,正常
105,sz162412,医疗基金,1.544,0.015,0.981,1.544,1.549,1.529,1.535,1.551,1.530,317451,490181,162412,10:55:54,00,正常
106,sz162411,华宝油气,0.470,0.007,1.512,0.469,0.470,0.463,0.469,0.470,0.468,25048863,11749103,162411,10:56:06,00,正常
107,sz162307,海富100,1.639,0.019,1.173,1.611,1.632,1.620,1.639,1.639,1.639,100,164,162307,10:56:00,00,正常
108,sz162216,泰达500,1.533,0.002,0.131,1.534,1.546,1.531,1.546,1.546,1.533,7200,11040,162216,10:56:00,00,正常
109,sz162207,泰达效率,0.000,0.000,0.000,2.194,2.226,2.226,0.000,0.000,0.000,0,0,162207,10:56:06,00,正常
110,sz162108,元盛债券,0.000,0.000,0.000,1.170,1.172,1.168,0.000,0.000,0.000,0,0,162108,10:55:54,00,正常
111,sz162006,长城久富,2.391,0.019,0.801,2.356,2.386,2.372,2.385,2.391,2.372,49488,118145,162006,10:55:51,00,正常
112,sz161914,万家创业,1.060,0.000,0.000,1.059,1.060,1.060,1.062,1.068,1.055,2297237,2436914,161914,10:55:51,00,正常
113,sz161912,社会责任,1.862,-0.013,-0.693,1.863,1.865,1.875,1.877,1.887,1.862,655951,1227724,161912,10:55:57,00,正常
114,sz161907,万家红利,2.128,-0.012,-0.561,2.132,2.145,2.140,2.140,2.140,2.128,1800,3844,161907,10:55:51,00,正常
115,sz161903,万家优选,2.140,-0.010,-0.465,2.139,2.140,2.150,2.150,2.155,2.122,7501719,16081611,161903,10:56:03,00,正常
116,sz161837,银华大盘,1.975,-0.005,-0.253,1.965,1.975,1.980,1.985,1.985,1.961,24200,47779,161837,10:56:03,00,正常
117,sz161834,银华鑫锐,1.702,0.006,0.354,1.702,1.703,1.696,1.700,1.704,1.700,18201,30967,161834,10:55:15,00,正常
118,sz161831,恒生中企,0.897,0.000,0.000,0.895,0.897,0.897,0.897,0.897,0.897,10000,8970,161831,10:56:00,00,正常
119,sz161823,银华永兴,1.180,-0.004,-0.338,1.180,1.181,1.184,1.181,1.181,1.180,7500,8856,161823,10:55:09,00,正常
120,sz161820,银华纯债,0.000,0.000,0.000,1.090,1.094,1.095,0.000,0.000,0.000,0,0,161820,10:55:27,00,正常
121,sz161816,银华90,1.038,-0.007,-0.670,1.038,1.043,1.045,1.040,1.051,1.025,30593,31568,161816,10:55:33,00,正常
122,sz161815,银华通胀,0.552,0.002,0.364,0.551,0.552,0.550,0.549,0.552,0.549,73400,40427,161815,10:55:15,00,正常
123,sz161812,银华100,1.573,-0.009,-0.569,1.573,1.575,1.582,1.580,1.593,1.548,495966,780881,161812,10:55:36,00,正常
124,sz161811,银华300,0.000,0.000,0.000,1.090,1.105,1.090,0.000,0.000,0.000,0,0,161811,10:55:39,00,正常
125,sz161810,银华内需,2.857,0.004,0.140,2.858,2.865,2.853,2.864,2.874,2.853,227874,651692,161810,10:56:06,00,正常
126,sz161728,招商配售,1.153,0.000,0.000,1.152,1.153,1.153,1.153,1.154,1.153,6276800,7239573,161728,10:56:00,00,正常
127,sz161727,招商增荣,0.000,0.000,0.000,1.614,1.712,1.638,0.000,0.000,0.000,0,0,161727,10:56:06,00,正常
128,sz161726,生物医药,1.103,0.015,1.379,1.102,1.103,1.088,1.097,1.105,1.088,1979744,2172022,161726,10:56:03,00,正常
129,sz161725,白酒基金,1.486,-0.003,-0.201,1.485,1.486,1.489,1.489,1.493,1.471,16025773,23734065,161725,10:56:06,00,正常
130,sz161724,煤炭等权,1.274,-0.008,-0.624,1.274,1.278,1.282,1.282,1.282,1.260,74400,94873,161724,10:55:21,00,正常
131,sz161722,招商丰泰,0.000,0.000,0.000,1.356,1.384,1.362,0.000,0.000,0.000,0,0,161722,10:55:57,00,正常
132,sz161720,证券基金,1.146,-0.012,-1.036,1.146,1.150,1.158,1.166,1.185,1.146,1463325,1699246,161720,10:56:06,00,正常
133,sz161716,招商双债,1.366,-0.001,-0.073,1.366,1.367,1.367,1.367,1.368,1.366,4033592,5513685,161716,10:55:36,00,正常
134,sz161715,大宗商品,1.310,-0.009,-0.682,1.311,1.319,1.319,1.324,1.324,1.310,15100,19808,161715,10:55:36,00,正常
135,sz161706,招商成长,3.459,0.010,0.290,3.445,3.459,3.449,3.460,3.460,3.443,95903,331502,161706,10:55:54,00,正常
136,sz161631,人工智能,1.560,0.002,0.128,1.551,1.555,1.558,1.570,1.577,1.548,717400,1125529,161631,10:56:06,00,正常
137,sz161610,融通领先,2.098,0.005,0.239,2.078,2.097,2.093,2.100,2.100,2.068,31439,65724,161610,10:56:06,00,正常
138,sz161607,融通巨潮,0.000,0.000,0.000,1.451,1.474,1.448,0.000,0.000,0.000,0,0,161607,10:56:00,00,正常
139,sz161233,国投瑞泰,1.484,-0.085,-5.417,1.431,1.491,1.569,1.560,1.560,1.484,2000,3090,161233,10:55:27,00,正常
140,sz161232,国投瑞盛,1.357,-0.003,-0.221,1.353,1.401,1.360,1.345,1.357,1.344,30201,40661,161232,10:55:36,00,正常
141,sz161229,国投中国,0.000,0.000,0.000,1.515,1.541,1.522,0.000,0.000,0.000,0,0,161229,10:55:51,00,正常
142,sz161227,深证100,1.728,-0.007,-0.403,1.726,1.730,1.735,1.739,1.739,1.726,89040,154290,161227,10:55:51,00,正常
143,sz161226,白银基金,0.862,0.013,1.531,0.862,0.863,0.849,0.858,0.864,0.857,20106322,17312742,161226,10:56:03,00,正常
144,sz161225,国投瑞盈,0.000,0.000,0.000,2.548,2.582,2.582,0.000,0.000,0.000,0,0,161225,10:55:27,00,正常
145,sz161224,国投丝路,1.639,-0.005,-0.304,1.616,1.639,1.644,1.637,1.639,1.637,1100,1801,161224,10:56:00,00,正常
146,sz161222,国投瑞利,0.000,0.000,0.000,2.162,2.194,2.178,0.000,0.000,0.000,0,0,161222,10:55:51,00,正常
147,sz161219,国投产业,2.800,0.044,1.597,2.788,2.800,2.756,2.758,2.803,2.758,43500,121712,161219,10:56:06,00,正常
148,sz161217,国投资源,1.042,-0.002,-0.192,1.031,1.041,1.044,1.041,1.042,1.030,6300,6502,161217,10:55:51,00,正常
149,sz161213,国投消费,2.635,-0.050,-1.862,2.633,2.635,2.685,2.635,2.635,2.633,5344,14077,161213,10:56:03,00,正常
150,sz161132,易基科顺,2.165,0.000,0.000,2.150,2.164,2.165,2.194,2.194,2.144,97200,208721,161132,10:55:33,00,正常
151,sz161131,易基配售,1.153,0.000,0.000,1.152,1.153,1.153,1.153,1.155,1.153,7218600,8325161,161131,10:55:45,00,正常
152,sz161130,纳指LOF,2.190,0.001,0.046,2.190,2.191,2.189,2.186,2.192,2.186,126930,277941,161130,10:56:00,00,正常
153,sz161129,原油基金,0.827,0.003,0.364,0.827,0.828,0.824,0.825,0.829,0.824,1401690,1158041,161129,10:56:06,00,正常
154,sz161128,标普科技,2.620,0.008,0.306,2.620,2.621,2.612,2.613,2.621,2.613,103123,269905,161128,10:55:12,00,正常
155,sz161127,标普生物,1.799,-0.009,-0.498,1.799,1.800,1.808,1.802,1.802,1.781,51700,92710,161127,10:55:51,00,正常
156,sz161126,标普医药,1.682,-0.006,-0.355,1.685,1.705,1.688,1.682,1.682,1.682,400,673,161126,10:56:00,00,正常
157,sz161125,标普500,1.721,0.006,0.350,1.720,1.721,1.715,1.720,1.722,1.720,34000,58509,161125,10:55:57,00,正常
158,sz161124,香港小盘,1.453,0.010,0.693,1.418,1.451,1.443,1.409,1.453,1.409,300,432,161124,10:55:54,00,正常
159,sz161123,并购重组,1.207,0.000,0.000,1.209,1.217,1.207,1.207,1.210,1.205,15370,18552,161123,10:55:33,00,正常
160,sz161122,生物LOF,1.152,0.020,1.767,1.149,1.153,1.132,1.149,1.152,1.127,240118,275265,161122,10:55:21,00,正常
161,sz161121,银行,1.214,0.006,0.497,1.213,1.214,1.208,1.208,1.215,1.208,370877,449681,161121,10:56:03,00,正常
162,sz161119,易基综债,1.466,-0.007,-0.475,1.470,1.473,1.473,1.471,1.471,1.466,6100,8963,161119,10:55:30,00,正常
163,sz161118,易基中小,1.596,-0.002,-0.125,1.586,1.595,1.598,1.600,1.600,1.584,40500,64284,161118,10:55:18,00,正常
164,sz161116,易基黄金,0.788,0.000,0.000,0.788,0.789,0.788,0.786,0.789,0.785,133390,105027,161116,10:55:54,00,正常
165,sz161040,创业富国,1.218,-0.004,-0.327,1.217,1.220,1.222,1.229,1.231,1.217,1927001,2350679,161040,10:55:48,00,正常
166,sz161039,富国1000,1.920,-0.004,-0.208,1.920,1.926,1.924,1.949,1.949,1.920,21800,41939,161039,10:56:00,00,正常
167,sz161038,成长量化,1.491,0.001,0.067,1.478,1.490,1.490,1.490,1.491,1.490,1500,2236,161038,10:55:54,00,正常
168,sz161037,高端制造,2.198,-0.022,-0.991,2.196,2.198,2.220,2.220,2.260,2.160,67000,147559,161037,10:55:39,00,正常
169,sz161036,娱乐增强,0.000,0.000,0.000,0.784,0.802,0.800,0.000,0.000,0.000,0,0,161036,10:56:00,00,正常
170,sz161035,医药增强,2.409,0.027,1.134,2.409,2.416,2.382,2.381,2.410,2.370,45811,108924,161035,10:55:51,00,正常
171,sz161033,智能汽车,1.890,0.013,0.693,1.873,1.888,1.877,1.878,1.898,1.861,54700,102652,161033,10:55:18,00,正常
172,sz161032,煤炭,1.310,-0.002,-0.152,1.310,1.312,1.312,1.302,1.314,1.300,361803,471579,161032,10:55:42,00,正常
173,sz161031,工业40,1.156,-0.008,-0.687,1.152,1.161,1.164,1.165,1.166,1.149,190427,220576,161031,10:56:03,00,正常
174,sz161030,体育,0.989,-0.001,-0.101,0.985,0.989,0.990,0.990,0.990,0.988,19719,19501,161030,10:55:15,00,正常
175,sz161029,银行FG,1.338,0.005,0.375,1.336,1.338,1.333,1.336,1.342,1.335,41822,55914,161029,10:55:21,00,正常
176,sz161028,新能源车,1.305,-0.018,-1.361,1.305,1.306,1.323,1.323,1.330,1.305,3193577,4203857,161028,10:56:06,00,正常
177,sz161027,证券,1.028,-0.007,-0.676,1.028,1.031,1.035,1.042,1.088,1.028,2052013,2144349,161027,10:55:54,00,正常
178,sz161026,国企改革,1.110,-0.002,-0.180,1.110,1.111,1.112,1.108,1.123,1.100,233846,260099,161026,10:55:45,00,正常
179,sz161025,互联网,1.028,-0.007,-0.676,1.027,1.028,1.035,1.035,1.035,1.025,308187,316979,161025,10:55:54,00,正常
180,sz161024,军工,1.106,-0.021,-1.863,1.106,1.108,1.127,1.130,1.157,1.103,3921898,4403690,161024,10:56:03,00,正常
181,sz161022,创业,1.415,-0.010,-0.702,1.415,1.418,1.425,1.425,1.430,1.408,958740,1360607,161022,10:55:51,00,正常
182,sz161017,富国500,2.449,0.006,0.246,2.443,2.449,2.443,2.457,2.457,2.428,219665,535436,161017,10:55:45,00,正常
183,sz161014,富国汇利,0.000,0.000,0.000,1.247,1.249,1.247,0.000,0.000,0.000,0,0,161014,10:55:54,00,正常
184,sz161005,富国天惠,3.625,-0.013,-0.357,3.624,3.625,3.638,3.642,3.651,3.618,8025218,29146641,161005,10:56:03,00,正常
185,sz160926,创业大成,1.164,-0.008,-0.683,1.164,1.165,1.172,1.171,1.171,1.158,7041271,8204520,160926,10:55:39,00,正常
186,sz160925,中华300,0.000,0.000,0.000,1.325,1.338,1.353,0.000,0.000,0.000,0,0,160925,10:55:18,00,正常
187,sz160924,恒指LOF,0.000,0.000,0.000,1.005,1.018,1.012,0.000,0.000,0.000,0,0,160924,10:55:54,00,正常
188,sz160922,恒生中小,1.227,0.012,0.988,1.214,1.226,1.215,1.234,1.234,1.227,200,246,160922,10:55:51,00,正常
189,sz160921,多策略,0.000,0.000,0.000,1.304,1.317,1.300,0.000,0.000,0.000,0,0,160921,10:55:24,00,正常
190,sz160919,大成产业,2.627,0.007,0.267,2.626,2.635,2.620,2.636,2.650,2.606,33200,87498,160919,10:55:18,00,正常
191,sz160918,大成小盘,4.089,0.000,0.000,4.080,4.099,4.089,4.090,4.099,4.088,16600,67988,160918,10:55:57,00,正常
192,sz160916,优选LOF,4.200,0.025,0.599,4.191,4.216,4.175,4.191,4.227,4.187,92046,386516,160916,10:55:57,00,正常
193,sz160910,大成创新,0.000,0.000,0.000,1.175,1.200,1.198,0.000,0.000,0.000,0,0,160910,10:56:03,00,正常
194,sz160813,长盛同盛,1.650,-0.005,-0.302,1.645,1.657,1.655,1.657,1.657,1.645,68876,113604,160813,10:55:21,00,正常
195,sz160812,长盛同益,2.729,-0.009,-0.329,2.724,2.766,2.738,2.762,2.812,2.720,242341,677730,160812,10:55:48,00,正常
196,sz160807,长盛300,1.719,0.000,0.000,1.719,1.735,1.719,1.719,1.719,1.719,100,172,160807,10:55:24,00,正常
197,sz160805,长盛同智,1.436,-0.015,-1.034,1.435,1.454,1.451,1.451,1.465,1.402,180777,260588,160805,10:55:27,00,正常
198,sz160726,嘉实瑞享,1.296,0.003,0.232,1.293,1.296,1.293,1.291,1.297,1.290,150166,194395,160726,10:55:30,00,正常
199,sz160723,嘉实原油,0.965,-0.002,-0.207,0.964,0.965,0.967,0.966,0.966,0.959,2312500,2223144,160723,10:56:06,00,正常
200,sz160722,嘉实惠泽,1.738,-0.101,-5.492,1.738,1.795,1.839,1.759,1.759,1.725,2900,5045,160722,10:56:03,00,正常
201,sz160719,嘉实黄金,0.877,0.001,0.114,0.877,0.881,0.876,0.875,0.889,0.875,16554,14552,160719,10:55:24,00,正常
202,sz160717,恒生H股,0.784,-0.004,-0.508,0.784,0.786,0.788,0.788,0.788,0.781,286900,224846,160717,10:55:27,00,正常
203,sz160716,嘉实50A,1.670,-0.003,-0.179,1.668,1.670,1.673,1.673,1.688,1.670,127200,212498,160716,10:55:45,00,正常
204,sz160706,嘉实300A,1.253,-0.003,-0.239,1.252,1.254,1.256,1.258,1.262,1.248,324700,407265,160706,10:55:15,00,正常
205,sz160645,鹏华回报,1.929,0.019,0.995,1.894,1.919,1.910,1.929,1.929,1.929,700,1350,160645,10:55:57,00,正常
206,sz160644,互联网QD,1.405,-0.009,-0.636,1.405,1.410,1.414,1.418,1.418,1.405,3600,5076,160644,10:55:57,00,正常
207,sz160643,空天军工,1.368,-0.030,-2.146,1.366,1.368,1.398,1.399,1.406,1.365,333300,459741,160643,10:56:00,00,正常
208,sz160642,鹏华增瑞,0.000,0.000,0.000,1.875,1.944,1.868,0.000,0.000,0.000,0,0,160642,10:55:42,00,正常
209,sz160639,高铁LOF,0.000,0.000,0.000,0.810,0.815,0.810,0.000,0.000,0.000,0,0,160639,10:55:45,00,正常
210,sz160638,带路LOF,1.572,0.033,2.144,1.531,1.552,1.539,1.486,1.572,1.486,900,1372,160638,10:56:03,00,正常
211,sz160637,创业板L,1.482,-0.007,-0.470,1.481,1.491,1.489,1.491,1.493,1.482,51570,76750,160637,10:55:27,00,正常
212,sz160635,医药基金,1.725,0.026,1.530,1.715,1.724,1.699,1.702,1.725,1.702,118600,203350,160635,10:55:24,00,正常
213,sz160633,券商LOF,1.100,-0.013,-1.168,1.100,1.112,1.113,1.119,1.140,1.095,104123,116995,160633,10:56:03,00,正常
214,sz160632,酒LOF,1.125,-0.001,-0.089,1.124,1.129,1.126,1.128,1.135,1.115,833334,935537,160632,10:55:42,00,正常
215,sz160631,银行指基,1.040,0.007,0.678,1.039,1.040,1.033,1.037,1.042,1.034,1596896,1658027,160631,10:55:57,00,正常
216,sz160630,国防LOF,1.193,-0.036,-2.929,1.191,1.193,1.229,1.227,1.239,1.191,639517,773208,160630,10:55:27,00,正常
217,sz160629,传媒LOF,0.977,-0.005,-0.509,0.976,0.977,0.982,0.968,0.993,0.968,8245,8077,160629,10:55:57,00,正常
218,sz160628,地产LOF,1.025,0.014,1.385,1.022,1.025,1.011,1.024,1.025,1.012,130600,133232,160628,10:55:57,00,正常
219,sz160625,证保LOF,0.821,0.001,0.122,0.820,0.821,0.820,0.825,0.835,0.820,127193,105010,160625,10:55:21,00,正常
220,sz160620,资源LOF,1.449,-0.002,-0.138,1.437,1.448,1.451,1.430,1.449,1.430,582,842,160620,10:55:33,00,正常
221,sz160616,鹏华500,1.778,0.009,0.509,1.755,1.778,1.769,1.755,1.790,1.755,26700,47056,160616,10:55:39,00,正常
222,sz160615,鹏华300,2.471,0.006,0.243,2.472,2.501,2.465,2.471,2.471,2.471,100,247,160615,10:55:51,00,正常
223,sz160613,鹏华创新,1.386,-0.010,-0.716,1.386,1.408,1.396,1.386,1.386,1.386,100,139,160613,10:55:18,00,正常
224,sz160611,鹏华治理,1.551,-0.009,-0.577,1.551,1.569,1.560,1.552,1.552,1.551,33200,51495,160611,10:55:39,00,正常
225,sz160610,鹏华动力,1.383,0.005,0.363,1.380,1.383,1.378,1.380,1.383,1.378,73500,101427,160610,10:55:12,00,正常
226,sz160607,鹏华价值,0.986,-0.001,-0.101,0.986,0.987,0.987,0.990,0.990,0.985,32100,31679,160607,10:55:18,00,正常
227,sz160529,创业博时,1.158,-0.004,-0.344,1.158,1.159,1.162,1.163,1.166,1.155,1471205,1709387,160529,10:55:36,00,正常
228,sz160526,博时优势,1.360,0.000,0.000,1.355,1.362,1.360,1.363,1.363,1.359,277500,377381,160526,10:55:39,00,正常
229,sz160522,博时睿益,1.536,-0.075,-4.655,1.530,1.634,1.611,1.542,1.542,1.536,1323,2035,160522,10:55:57,00,正常
230,sz160519,博时睿利,0.000,0.000,0.000,2.054,2.109,2.104,0.000,0.000,0.000,0,0,160519,10:55:33,00,正常
231,sz160518,博时睿远,2.500,-0.001,-0.040,2.494,2.525,2.501,2.524,2.527,2.500,88400,221048,160518,10:55:24,00,正常
232,sz160515,安丰18,1.042,0.017,1.659,1.020,1.040,1.025,1.042,1.042,1.042,100,104,160515,10:55:48,00,正常
233,sz160512,博时卓越,3.722,0.007,0.188,3.724,3.794,3.715,3.718,3.722,3.718,10100,37552,160512,10:56:00,00,正常
234,sz160505,博时主题,1.883,-0.008,-0.423,1.883,1.890,1.891,1.892,1.895,1.882,423200,798266,160505,10:55:30,00,正常
235,sz160421,华安智增,0.000,0.000,0.000,2.311,2.374,2.350,0.000,0.000,0.000,0,0,160421,10:55:18,00,正常
236,sz160416,石油基金,1.028,0.004,0.391,1.027,1.028,1.024,1.024,1.034,1.024,306900,315150,160416,10:55:33,00,正常
237,sz160415,华安量化,1.910,0.010,0.526,1.893,1.929,1.900,1.910,1.910,1.910,300,573,160415,10:55:57,00,正常
238,sz160325,华夏创业,1.142,-0.004,-0.349,1.141,1.142,1.146,1.147,1.149,1.137,5898726,6745237,160325,10:56:03,00,正常
239,sz160324,华夏磐晟,2.132,0.144,7.243,2.051,2.129,1.988,2.073,2.132,2.040,15400,31625,160324,10:55:15,00,正常
240,sz160323,华夏磐泰,0.000,0.000,0.000,1.235,1.275,1.273,0.000,0.000,0.000,0,0,160323,10:55:36,00,正常
241,sz160322,港股精选,1.692,-0.017,-0.995,1.692,1.700,1.709,1.709,1.709,1.682,68058,115428,160322,10:55:42,00,正常
242,sz160314,华夏行业,1.804,-0.001,-0.055,1.803,1.812,1.805,1.810,1.819,1.804,210670,382420,160314,10:55:21,00,正常
243,sz160311,华夏蓝筹,2.428,0.021,0.872,2.414,2.436,2.407,2.402,2.428,2.402,114808,278100,160311,10:56:06,00,正常
244,sz160225,新汽车,2.046,-0.030,-1.445,2.046,2.051,2.076,2.076,2.097,2.045,478600,984107,160225,10:55:33,00,正常
245,sz160223,创业板基,1.680,0.001,0.060,1.672,1.678,1.679,1.680,1.690,1.678,133600,224539,160223,10:55:33,00,正常
246,sz160222,国泰食品,1.340,-0.003,-0.223,1.338,1.342,1.343,1.343,1.350,1.332,71644,95887,160222,10:55:54,00,正常
247,sz160221,国泰有色,1.223,-0.011,-0.891,1.222,1.226,1.234,1.230,1.247,1.220,182382,223904,160221,10:55:39,00,正常
248,sz160220,国泰民益,1.708,0.004,0.235,1.701,1.735,1.704,1.708,1.708,1.708,1000,1708,160220,10:55:09,00,正常
249,sz160218,国泰地产,0.922,0.007,0.765,0.922,0.925,0.915,0.915,0.930,0.915,170913,156792,160218,10:55:36,00,正常
250,sz160216,国泰商品,0.313,0.001,0.321,0.313,0.314,0.312,0.313,0.315,0.312,2517881,788022,160216,10:56:03,00,正常
251,sz160215,国泰价值,0.000,0.000,0.000,2.312,2.359,2.311,0.000,0.000,0.000,0,0,160215,10:55:48,00,正常
252,sz160212,国泰估值,4.189,0.071,1.724,4.187,4.228,4.118,4.103,4.230,4.103,91800,385609,160212,10:56:06,00,正常
253,sz160211,国泰小盘,4.476,0.096,2.192,4.452,4.476,4.380,4.351,4.477,4.351,126332,563209,160211,10:55:33,00,正常
254,sz160143,创业LOF,1.190,0.000,0.000,1.190,1.193,1.190,1.191,1.210,1.186,2490817,2974002,160143,10:55:57,00,正常
255,sz160142,南方配售,1.166,0.001,0.086,1.166,1.167,1.165,1.167,1.168,1.166,6170081,7197068,160142,10:56:00,00,正常
256,sz160140,美国REIT,1.149,-0.007,-0.606,1.148,1.149,1.156,1.156,1.156,1.145,16600,19148,160140,10:55:51,00,正常
257,sz160135,高铁基金,0.957,-0.009,-0.932,0.957,0.958,0.966,0.966,0.966,0.957,6900,6620,160135,10:55:39,00,正常
258,sz160133,南方天元,4.684,0.004,0.085,4.684,4.691,4.680,4.689,4.710,4.683,65365,307115,160133,10:55:09,00,正常
259,sz160127,南方消费,1.112,-0.008,-0.714,1.112,1.116,1.120,1.116,1.117,1.105,127600,141971,160127,10:55:45,00,正常
260,sz160125,南方香港,1.656,0.000,0.000,1.656,1.666,1.656,1.656,1.656,1.656,1700,2815,160125,10:55:42,00,正常
261,sz160119,南方500,1.775,0.000,0.000,1.772,1.774,1.775,1.775,1.778,1.770,170978,303194,160119,10:55:27,00,正常
262,sz160106,南方高增,1.570,0.011,0.706,1.561,1.574,1.559,1.575,1.581,1.545,78752,123671,160106,10:55:57,00,正常
263,sz160105,南方积配,1.306,0.006,0.462,1.307,1.342,1.300,1.302,1.306,1.302,40842,53214,160105,10:56:03,00,正常
264,sh506006,汇添富科创板,1.174,-0.006,-0.508,1.173,1.174,1.180,1.181,1.184,1.172,4293683,5053733,506006,10:56:03,00,正常
265,sh506005,科创板博时,1.076,0.007,0.655,1.076,1.077,1.069,1.082,1.086,1.072,14253571,15380020,506005,10:56:01,00,正常
266,sh506003,富国科创板,0.974,0.001,0.103,0.974,0.975,0.973,0.977,0.977,0.966,4213371,4099446,506003,10:56:06,00,正常
267,sh506002,易方达科创板,1.054,-0.001,-0.095,1.053,1.054,1.055,1.056,1.058,1.046,7168335,7541291,506002,10:56:02,00,正常
268,sh506001,万家科创板,1.250,-0.009,-0.715,1.250,1.251,1.259,1.262,1.265,1.239,5847287,7304783,506001,10:55:48,00,正常
269,sh506000,科创板基金,0.950,-0.007,-0.731,0.950,0.951,0.957,0.960,0.962,0.945,4870403,4639961,506000,10:55:49,00,正常
270,sh502056,医疗基金(LOF),1.746,0.023,1.335,1.746,1.749,1.723,1.723,1.750,1.715,183528,319410,502056,10:56:06,00,正常
271,sh502053,券商LOF,1.018,0.001,0.098,1.014,1.018,1.017,1.020,1.038,1.018,269397,277474,502053,10:56:04,00,正常
272,sh502048,上证50LOF,1.254,-0.003,-0.239,1.250,1.254,1.257,1.257,1.260,1.251,12400,15562,502048,10:56:06,00,正常
273,sh502040,上证50LOF基金,1.188,-0.008,-0.669,1.188,1.194,1.196,1.196,1.196,1.171,20300,24249,502040,10:55:52,00,正常
274,sh502023,钢铁LOF,1.671,0.010,0.602,1.670,1.677,1.661,1.661,1.679,1.661,96377,161170,502023,10:56:06,00,正常
275,sh502020,上证50增强LOF,1.240,-0.013,-1.038,1.240,1.251,1.253,1.253,1.253,1.239,14500,18143,502020,10:56:03,00,正常
276,sh502013,一带一路LOF,1.483,-0.001,-0.067,1.483,1.490,1.484,1.485,1.494,1.481,47994,71210,502013,10:56:04,00,正常
277,sh502010,证券LOF,1.237,-0.012,-0.961,1.234,1.238,1.249,1.250,1.267,1.237,172600,215636,502010,10:55:51,00,正常
278,sh502006,国企改革LOF,1.512,0.002,0.132,1.506,1.516,1.510,1.510,1.512,1.510,9583,14470,502006,10:55:39,00,正常
279,sh502003,军工LOF,1.306,-0.018,-1.360,1.304,1.306,1.324,1.344,1.344,1.303,561432,733516,502003,10:55:59,00,正常
280,sh502000,500增强LOF,1.710,-0.013,-0.754,1.710,1.720,1.723,1.726,1.726,1.700,338200,577188,502000,10:56:04,00,正常
281,sh501311,新经济港股通LOF,1.525,-0.007,-0.457,1.524,1.525,1.532,1.521,1.538,1.521,58000,88415,501311,10:55:39,00,正常
282,sh501310,价值基金LOF,0.922,-0.005,-0.539,0.921,0.922,0.927,0.927,0.927,0.920,5000,4613,501310,10:56:06,00,正常
283,sh501309,港股通LOF,1.229,-0.011,-0.887,1.229,1.237,1.240,1.240,1.240,1.229,3300,4060,501309,10:55:40,00,正常
284,sh501307,银河高股息LOF,1.070,0.000,0.000,1.065,1.081,1.070,0.000,0.000,0.000,0,0,501307,10:56:03,00,正常
285,sh501306,港股高股息LOFC,0.913,0.012,1.332,0.905,0.913,0.901,0.903,0.924,0.899,6900,6288,501306,10:55:57,00,正常
286,sh501305,港股高股息LOF,0.923,0.000,0.000,0.905,0.926,0.923,0.000,0.000,0.000,0,0,501305,10:56:06,00,正常
287,sh501303,恒生中型股LOF,1.133,0.000,0.000,1.120,1.157,1.133,0.000,0.000,0.000,0,0,501303,10:56:06,00,正常
288,sh501302,恒生指数基金LOF,1.099,-0.001,-0.091,1.099,1.103,1.100,1.104,1.104,1.094,3400,3740,501302,10:55:39,00,正常
289,sh501301,香港大盘LOF,1.171,0.000,0.000,1.165,1.171,1.171,0.000,0.000,0.000,0,0,501301,10:56:00,00,正常
290,sh501300,美元债LOF,1.033,-0.001,-0.097,1.032,1.033,1.034,1.033,1.033,1.032,6600,6818,501300,10:55:55,00,正常
291,sh501189,嘉实配售,1.210,0.002,0.166,1.209,1.210,1.208,1.207,1.210,1.207,1406340,1700793,501189,10:55:43,00,正常
292,sh501188,添富配售,1.237,0.000,0.000,1.237,1.238,1.237,1.238,1.239,1.237,24153105,29891445,501188,10:55:45,00,正常
293,sh501186,华夏配售LOF,1.092,0.001,0.092,1.092,1.093,1.091,1.091,1.093,1.091,6300097,6879736,501186,10:55:48,00,正常
294,sh501093,华夏翔阳LOF,1.729,-0.010,-0.575,1.729,1.732,1.739,1.741,1.741,1.726,757000,1311477,501093,10:55:45,00,正常
295,sh501090,消费龙头LOF,1.666,-0.009,-0.537,1.664,1.666,1.675,1.676,1.714,1.663,437100,730509,501090,10:56:00,00,正常
296,sh501089,消费红利增强LOF,1.445,-0.013,-0.892,1.445,1.457,1.458,1.442,1.445,1.442,4800,6933,501089,10:56:00,00,正常
297,sh501088,嘉实瑞虹,1.544,-0.010,-0.644,1.543,1.548,1.554,1.550,1.551,1.543,212200,327568,501088,10:56:04,00,正常
298,sh501086,ESG基金LOF,1.553,0.000,0.000,1.544,1.549,1.553,0.000,0.000,0.000,0,0,501086,10:55:46,00,正常
299,sh501072,标普红利增强LOF,1.018,0.000,0.000,1.007,1.018,1.018,1.018,1.018,0.996,2800,2810,501072,10:55:45,00,正常
300,sh501070,广发睿阳,1.693,-0.008,-0.470,1.693,1.702,1.701,1.697,1.707,1.693,63400,107455,501070,10:55:48,00,正常
301,sh501069,质量基金LOF,1.439,0.011,0.770,1.437,1.442,1.428,1.439,1.439,1.439,100,144,501069,10:55:57,00,正常
302,sh501068,AH50LOF,1.545,0.015,0.980,1.499,1.545,1.530,1.492,1.545,1.492,1500,2257,501068,10:55:39,00,正常
303,sh501067,富时AH50LOF,1.556,0.006,0.387,1.512,1.547,1.550,1.556,1.556,1.556,200,311,501067,10:55:40,00,正常
304,sh501066,东方红恒元,2.060,-0.018,-0.866,2.060,2.070,2.078,2.070,2.077,2.052,44600,91638,501066,10:55:54,00,正常
305,sh501065,经典成长,2.014,-0.010,-0.494,2.014,2.015,2.024,2.028,2.028,2.004,250262,504105,501065,10:56:06,00,正常
306,sh501063,添富悦享,1.046,-0.004,-0.381,1.043,1.046,1.050,1.047,1.047,1.046,41000,42907,501063,10:55:57,00,正常
307,sh501062,南方瑞合LOF,1.234,-0.003,-0.243,1.234,1.236,1.237,1.239,1.243,1.234,557900,690341,501062,10:55:53,00,正常
308,sh501061,金选300C类LOF,1.693,0.000,0.000,1.680,1.687,1.693,0.000,0.000,0.000,0,0,501061,10:56:07,00,正常
309,sh501060,金选300A类LOF,1.697,-0.001,-0.059,1.695,1.702,1.698,1.697,1.697,1.697,100,170,501060,10:56:06,00,正常
310,sh501059,国企红利LOF,1.709,0.014,0.826,1.709,1.729,1.695,1.709,1.709,1.709,1200,2051,501059,10:55:39,00,正常
311,sh501058,新能源车LOFC,2.679,-0.031,-1.144,2.680,2.683,2.710,2.710,2.738,2.664,665049,1788151,501058,10:55:57,00,正常
312,sh501057,新能源车LOF,2.694,-0.032,-1.174,2.694,2.698,2.726,2.728,2.760,2.680,3483476,9453038,501057,10:56:07,00,正常
313,sh501054,东方红睿泽,1.578,-0.007,-0.442,1.578,1.579,1.585,1.587,1.590,1.577,3332451,5277154,501054,10:56:03,00,正常
314,sh501053,东方红目标优选,0.994,0.000,0.000,0.993,0.995,0.994,0.994,0.994,0.993,90200,89659,501053,10:56:00,00,正常
315,sh501051,圆信永丰汇利LOF,2.210,0.007,0.318,2.187,2.227,2.203,2.210,2.210,2.210,3200,7072,501051,10:55:51,00,正常
316,sh501050,50AHLOF,1.642,0.001,0.061,1.641,1.642,1.641,1.641,1.660,1.638,325376,533966,501050,10:55:49,00,正常
317,sh501049,东方红睿玺,1.162,-0.003,-0.258,1.162,1.163,1.165,1.173,1.173,1.160,465000,540032,501049,10:56:07,00,正常
318,sh501048,证券公司LOFC,1.143,-0.013,-1.125,1.141,1.146,1.156,1.151,1.151,1.133,7900,9062,501048,10:56:00,00,正常
319,sh501047,证券公司LOF,1.165,0.005,0.431,1.148,1.165,1.160,1.160,1.175,1.147,115400,133274,501047,10:56:00,00,正常
320,sh501046,财通福鑫定开混合,2.304,-0.012,-0.518,2.292,2.309,2.316,2.336,2.336,2.304,116500,270036,501046,10:55:43,00,正常
321,sh501045,沪深300LOFC,1.580,0.000,0.000,1.570,1.580,1.580,1.580,1.581,1.561,61400,96950,501045,10:55:49,00,正常
322,sh501043,沪深300LOF,1.588,-0.004,-0.251,1.585,1.590,1.592,1.600,1.600,1.583,209400,332856,501043,10:55:51,00,正常
323,sh501040,添富睿丰LOFC,1.273,0.001,0.079,1.274,1.289,1.272,1.272,1.273,1.272,1069,1361,501040,10:55:39,00,正常
324,sh501039,添富睿丰LOF,1.287,0.000,0.000,1.283,1.301,1.287,0.000,0.000,0.000,0,0,501039,10:55:52,00,正常
325,sh501038,银华明择,2.489,-0.005,-0.200,2.489,2.496,2.494,2.485,2.489,2.485,27991,69579,501038,10:55:51,00,正常
326,sh501037,中证500LOFC,1.182,-0.012,-1.005,1.183,1.196,1.194,1.193,1.196,1.180,217400,256969,501037,10:55:57,00,正常
327,sh501036,中证500LOF,1.199,0.003,0.251,1.193,1.199,1.196,1.193,1.216,1.193,33900,40830,501036,10:55:58,00,正常
328,sh501032,财通福盛混合LOF,1.301,0.000,0.000,1.257,1.322,1.301,1.295,1.301,1.295,500,648,501032,10:56:00,00,正常
329,sh501031,环境治理LOFC,0.556,-0.001,-0.180,0.556,0.559,0.557,0.558,0.564,0.556,117000,65281,501031,10:55:40,00,正常
330,sh501030,环境治理LOF,0.557,-0.002,-0.358,0.556,0.557,0.559,0.558,0.560,0.556,129200,71958,501030,10:56:06,00,正常
331,sh501029,红利基金LOF,1.176,0.005,0.427,1.174,1.176,1.171,1.171,1.176,1.168,655900,768595,501029,10:56:01,00,正常
332,sh501028,财通福瑞混合LOF,1.791,0.021,1.186,1.757,1.797,1.770,1.777,1.791,1.777,3400,6086,501028,10:56:00,00,正常
333,sh501027,国泰融信LOF,1.146,0.000,0.000,1.152,1.186,1.146,0.000,0.000,0.000,0,0,501027,10:56:00,00,正常
334,sh501026,财通福享混合LOF,1.279,0.000,0.000,1.259,1.289,1.279,0.000,0.000,0.000,0,0,501026,10:55:46,00,正常
335,sh501025,港股通银行LOF,0.987,0.001,0.101,0.987,0.989,0.986,0.985,0.991,0.984,936878,925789,501025,10:56:03,00,正常
336,sh501023,港中小企LOF,1.524,0.132,9.483,1.473,1.524,1.392,1.394,1.531,1.394,92945,141321,501023,10:55:58,00,正常
337,sh501022,银华鑫盛LOF,2.150,0.000,0.000,2.128,2.160,2.150,0.000,0.000,0.000,0,0,501022,10:55:39,00,正常
338,sh501021,香港中小LOF,1.903,-0.006,-0.314,1.897,1.911,1.909,1.892,1.915,1.892,121700,231001,501021,10:56:03,00,正常
339,sh501019,军工基金LOF,1.228,-0.018,-1.445,1.227,1.228,1.246,1.247,1.261,1.228,581000,721547,501019,10:56:00,00,正常
340,sh501018,南方原油LOF,0.838,0.004,0.480,0.837,0.838,0.834,0.832,0.838,0.832,2535301,2119667,501018,10:56:03,00,正常
341,sh501017,国泰融丰LOF,1.083,-0.003,-0.276,1.086,1.090,1.086,1.083,1.083,1.083,1000,1083,501017,10:55:39,00,正常
342,sh501016,券商基金LOF,1.155,-0.006,-0.517,1.153,1.154,1.161,1.162,1.182,1.155,565900,660884,501016,10:55:57,00,正常
343,sh501015,财通升级混合LOF,1.059,-0.014,-1.305,1.061,1.069,1.073,1.062,1.063,1.056,114181,121069,501015,10:55:45,00,正常
344,sh501012,中药基金LOFC,1.355,0.123,9.984,1.355,0.000,1.232,1.232,1.355,1.232,917001,1201549,501012,10:55:39,00,正常
345,sh501011,中药基金LOF,1.306,0.106,8.833,1.305,1.306,1.200,1.207,1.312,1.205,2921040,3720103,501011,10:56:00,00,正常
346,sh501010,生物科技LOFC,2.724,0.029,1.076,2.723,2.737,2.695,2.701,2.736,2.701,52983,144518,501010,10:56:07,00,正常
347,sh501009,生物科技LOF,2.740,0.037,1.369,2.729,2.745,2.703,2.705,2.745,2.703,280678,765561,501009,10:56:06,00,正常
348,sh501008,互联网医疗LOFC,1.217,0.021,1.756,1.213,1.217,1.196,1.171,1.222,1.171,19600,23769,501008,10:56:04,00,正常
349,sh501007,互联网医疗LOF,1.234,0.026,2.152,1.226,1.230,1.208,1.220,1.234,1.220,10100,12379,501007,10:56:06,00,正常
350,sh501005,精准医疗LOF,1.921,0.026,1.372,1.919,1.921,1.895,1.905,1.921,1.894,102400,196217,501005,10:55:52,00,正常
351,sh501001,财通精选混合LOF,2.259,0.020,0.893,2.208,2.259,2.239,2.259,2.259,2.259,200,452,501001,10:55:49,00,正常
352,sh501000,国金鑫新LOF,0.939,0.000,0.000,0.940,0.961,0.939,0.939,0.939,0.939,400,376,501000,10:55:42,00,正常
