,date,open,high,low,close,volume
0,2016-09-27,99.981,99.985,99.971,99.979,6309340
1,2016-09-28,99.979,99.981,99.971,99.981,7890729
2,2016-09-29,99.985,100.0,99.985,99.995,8989494
3,2016-09-30,100.06,100.06,100.002,100.043,5414558
4,2016-10-10,99.995,99.995,99.975,99.986,14171675
5,2016-10-11,99.985,99.988,99.981,99.985,14657406
6,2016-10-12,99.985,99.996,99.983,99.993,12010786
7,2016-10-13,99.993,99.993,99.99,99.993,15296802
8,2016-10-14,99.996,100.0,99.996,99.999,12362094
9,2016-10-17,99.994,99.994,99.991,99.993,13041624
10,2016-10-18,99.991,99.997,99.988,99.997,13740977
11,2016-10-19,99.994,99.995,99.99,99.992,8980202
12,2016-10-20,99.992,99.993,99.988,99.988,14898561
13,2016-10-21,99.995,99.997,99.993,99.996,25930787
14,2016-10-24,99.992,99.992,99.989,99.99,13628738
15,2016-10-25,99.99,99.99,99.983,99.984,21527134
16,2016-10-26,99.986,99.989,99.983,99.989,20353279
17,2016-10-27,99.987,99.987,99.975,99.979,17984127
18,2016-10-28,99.981,99.991,99.981,99.986,17616871
19,2016-10-31,99.986,99.986,99.98,99.986,14226529
20,2016-11-01,99.986,99.992,99.985,99.991,20079040
21,2016-11-02,99.991,99.995,99.989,99.995,24049449
22,2016-11-03,99.994,99.997,99.993,99.996,23156320
23,2016-11-04,99.996,100.003,99.996,100.003,17557224
24,2016-11-07,99.994,99.997,99.993,99.996,18076527
25,2016-11-08,99.994,99.998,99.994,99.998,16261304
26,2016-11-09,99.995,99.997,99.992,99.994,16968424
27,2016-11-10,99.993,99.994,99.987,99.99,18652322
28,2016-11-11,99.991,99.994,99.987,99.989,17205319
29,2016-11-14,99.985,99.985,99.979,99.981,15240345
30,2016-11-15,99.98,99.984,99.976,99.983,17765353
31,2016-11-16,99.984,99.988,99.984,99.988,11182337
32,2016-11-17,99.987,99.989,99.984,99.987,7688801
33,2016-11-18,99.989,99.995,99.989,99.993,16491684
34,2016-11-21,99.991,99.991,99.988,99.989,10862143
35,2016-11-22,99.987,99.989,99.986,99.987,10424007
36,2016-11-23,99.986,99.987,99.983,99.986,8175409
37,2016-11-24,99.986,99.987,99.984,99.985,18220277
38,2016-11-25,99.991,99.995,99.99,99.99,14042198
39,2016-11-28,99.987,99.988,99.982,99.983,13889731
40,2016-11-29,99.982,99.984,99.975,99.976,11823568
41,2016-11-30,99.976,99.98,99.953,99.969,14950006
42,2016-12-01,99.97,99.97,99.962,99.97,14134370
43,2016-12-02,99.978,99.994,99.978,99.994,13277827
44,2016-12-05,99.983,99.992,99.983,99.991,11558079
45,2016-12-06,99.995,99.995,99.991,99.993,12796484
46,2016-12-07,99.99,99.992,99.99,99.991,12315173
47,2016-12-08,99.989,99.992,99.986,99.991,7696383
48,2016-12-09,99.991,99.999,99.991,99.997,14777024
49,2016-12-12,99.995,99.995,99.988,99.989,10764620
50,2016-12-13,99.988,99.989,99.981,99.982,12293106
51,2016-12-14,99.983,99.983,99.972,99.976,8614006
52,2016-12-15,99.973,99.973,99.915,99.938,1839578
53,2016-12-16,99.938,99.938,99.888,99.914,3082233
54,2016-12-19,99.909,99.944,99.909,99.921,2897816
55,2016-12-20,99.928,99.945,99.899,99.936,7414707
56,2016-12-21,99.945,99.966,99.945,99.963,12504165
57,2016-12-22,99.974,99.98,99.963,99.968,6908357
58,2016-12-23,99.976,99.985,99.974,99.975,13578903
59,2016-12-26,99.972,99.975,99.961,99.963,7572584
60,2016-12-27,99.965,99.966,99.92,99.937,5954206
61,2016-12-28,99.925,99.936,99.879,99.913,2544701
62,2016-12-29,99.91,99.978,99.892,99.969,7101308
63,2016-12-30,99.982,100.0,99.982,99.998,8892768
64,2017-01-03,99.97,99.982,99.83,99.971,7664571
65,2017-01-04,99.972,99.983,99.972,99.982,7239139
66,2017-01-05,99.979,99.991,99.979,99.99,8313854
67,2017-01-06,99.992,100.005,99.992,100.003,7669593
68,2017-01-09,99.995,99.995,99.983,99.99,8816813
69,2017-01-10,99.994,99.995,99.991,99.992,8634398
70,2017-01-11,99.992,99.995,99.992,99.993,8341710
71,2017-01-12,99.993,99.993,99.99,99.992,5525416
72,2017-01-13,99.995,100.001,99.994,100.0,9273639
73,2017-01-16,99.993,99.994,99.989,99.99,3843856
74,2017-01-17,99.993,99.993,99.982,99.983,6100122
75,2017-01-18,99.984,99.984,99.978,99.978,3555727
76,2017-01-19,99.975,99.975,99.954,99.961,1915671
77,2017-01-20,99.982,99.995,99.982,99.99,2069042
78,2017-01-23,99.99,99.99,99.98,99.988,1109659
79,2017-01-24,99.987,99.998,99.987,99.998,745377
80,2017-01-25,100.0,100.017,99.996,100.005,931724
81,2017-01-26,100.03,100.048,100.015,100.033,1336596
82,2017-02-03,99.999,100.005,99.991,99.996,492472
83,2017-02-06,99.99,99.996,99.981,99.996,2313163
84,2017-02-07,99.995,100.005,99.993,100.005,1523543
85,2017-02-08,100.002,100.005,99.997,100.004,888222
86,2017-02-09,100.001,100.004,99.999,100.004,914215
87,2017-02-10,100.003,100.011,100.003,100.011,799966
88,2017-02-13,99.995,99.999,99.995,99.997,435960
89,2017-02-14,99.995,99.996,99.992,99.994,441062
90,2017-02-15,99.99,99.993,99.989,99.993,893921
91,2017-02-16,99.992,99.995,99.99,99.994,714847
92,2017-02-17,99.993,100.006,99.993,100.003,1516787
93,2017-02-20,99.99,99.993,99.984,99.985,659960
94,2017-02-21,99.983,99.984,99.979,99.983,762162
95,2017-02-22,99.983,99.992,99.981,99.99,835001
96,2017-02-23,99.99,99.995,99.99,99.993,739654
97,2017-02-24,99.995,100.008,99.995,100.006,1149127
98,2017-02-27,99.996,99.996,99.989,99.994,713530
99,2017-02-28,99.991,99.995,99.99,99.994,680643
100,2017-03-01,99.992,99.997,99.992,99.997,711131
101,2017-03-02,99.994,100.001,99.992,100.0,1009964
102,2017-03-03,100.006,100.015,100.001,100.015,916919
103,2017-03-06,99.994,100.0,99.993,99.999,929035
104,2017-03-07,99.998,100.0,99.996,100.0,901917
105,2017-03-08,99.998,100.0,99.997,99.997,717037
106,2017-03-09,99.998,99.998,99.994,99.996,571276
107,2017-03-10,100.0,100.01,99.996,100.01,1940657
108,2017-03-13,99.997,99.999,99.996,99.999,1072940
109,2017-03-14,99.997,99.999,99.995,99.999,968531
110,2017-03-15,99.997,99.998,99.991,99.994,1523526
111,2017-03-16,99.992,99.992,99.955,99.956,743265
112,2017-03-17,99.985,99.992,99.961,99.978,969519
113,2017-03-20,99.975,99.979,99.97,99.978,930432
114,2017-03-21,99.977,99.981,99.97,99.977,200603
115,2017-03-22,99.98,99.99,99.979,99.989,591419
116,2017-03-23,99.986,99.995,99.986,99.992,920002
117,2017-03-24,100.0,100.007,99.998,99.999,965822
118,2017-03-27,99.996,99.996,99.983,99.985,482091
119,2017-03-28,99.983,99.985,99.979,99.981,409644
120,2017-03-29,99.982,99.982,99.96,99.969,554901
121,2017-03-30,99.97,99.97,99.955,99.963,480511
122,2017-03-31,100.0,100.01,100.0,100.004,1116428
123,2017-04-05,99.99,99.995,99.985,99.99,903060
124,2017-04-06,99.99,99.996,99.987,99.996,1196969
125,2017-04-07,100.002,100.023,100.001,100.023,1218555
126,2017-04-10,99.997,100.006,99.997,100.003,818874
127,2017-04-11,100.0,100.013,99.999,100.013,2231836
128,2017-04-12,100.002,100.01,100.002,100.006,798202
129,2017-04-13,100.003,100.003,100.0,100.002,523866
130,2017-04-14,100.005,100.014,100.005,100.013,564486
131,2017-04-17,100.002,100.002,99.99,99.999,1139518
132,2017-04-18,99.997,99.999,99.996,99.998,557612
133,2017-04-19,99.998,99.999,99.992,99.997,953632
134,2017-04-20,99.996,99.996,99.993,99.996,724848
135,2017-04-21,99.999,100.001,99.997,100.0,1059524
136,2017-04-24,99.991,99.992,99.987,99.991,1642993
137,2017-04-25,99.991,99.991,99.981,99.99,1041949
138,2017-04-26,99.989,99.992,99.989,99.991,620069
139,2017-04-27,99.992,99.992,99.986,99.991,1062617
140,2017-04-28,99.994,100.019,99.994,100.015,904795
141,2017-05-02,99.998,99.998,99.993,99.995,289838
142,2017-05-03,99.992,99.997,99.992,99.996,386742
143,2017-05-04,99.994,99.997,99.994,99.996,468985
144,2017-05-05,100.002,100.016,100.002,100.016,361182
145,2017-05-08,99.996,100.001,99.996,100.001,398610
146,2017-05-09,99.998,100.002,99.998,100.001,331411
147,2017-05-10,99.999,100.003,99.998,99.999,424456
148,2017-05-11,100.0,100.0,99.996,99.998,655877
149,2017-05-12,100.001,100.008,100.001,100.006,553773
150,2017-05-15,99.997,100.001,99.995,99.998,482509
151,2017-05-16,99.997,99.999,99.994,99.996,641680
152,2017-05-17,99.994,99.997,99.993,99.996,419670
153,2017-05-18,99.996,99.998,99.992,99.998,385476
154,2017-05-19,100.002,100.006,100.002,100.005,369232
155,2017-05-22,99.996,99.998,99.993,99.998,462040
156,2017-05-23,99.997,99.998,99.995,99.997,280957
157,2017-05-24,99.995,99.998,99.995,99.998,411507
158,2017-05-25,99.996,100.0,99.996,100.0,1237099
159,2017-05-26,100.01,100.019,100.01,100.017,664085
160,2017-05-31,99.993,99.996,99.977,99.977,942236
161,2017-06-01,99.99,99.995,99.986,99.992,701356
162,2017-06-02,100.002,100.012,99.999,100.006,745642
163,2017-06-05,99.997,99.997,99.991,99.996,959630
164,2017-06-06,99.995,100.0,99.994,99.999,599402
165,2017-06-07,99.998,100.002,99.997,100.002,931408
166,2017-06-08,99.999,100.001,99.997,100.0,536125
167,2017-06-09,100.004,100.011,100.004,100.01,472597
168,2017-06-12,99.999,100.0,99.993,100.0,338359
169,2017-06-13,99.997,100.001,99.996,99.999,657185
170,2017-06-14,99.998,99.998,99.992,99.996,584230
171,2017-06-15,99.996,99.996,99.986,99.992,451512
172,2017-06-16,100.002,100.006,99.999,100.001,506542
173,2017-06-19,99.994,99.995,99.99,99.992,490894
174,2017-06-20,99.992,99.992,99.975,99.979,939397
175,2017-06-21,99.979,99.985,99.975,99.985,589508
176,2017-06-22,99.983,99.993,99.98,99.989,767602
177,2017-06-23,100.0,100.007,99.999,100.005,731221
178,2017-06-26,99.99,99.99,99.982,99.985,400963
179,2017-06-27,99.986,99.987,99.98,99.985,1007605
180,2017-06-28,99.981,99.984,99.974,99.983,742342
181,2017-06-29,99.979,99.98,99.971,99.972,506194
182,2017-06-30,99.998,100.005,99.996,100.004,703349
183,2017-07-03,99.996,100.002,99.994,100.0,526449
184,2017-07-04,99.998,100.008,99.998,100.008,260586
185,2017-07-05,99.999,100.009,99.999,100.008,368182
186,2017-07-06,99.999,100.012,99.999,100.012,452983
187,2017-07-07,100.008,100.027,100.007,100.022,424269
188,2017-07-10,99.999,100.01,99.997,100.008,418153
189,2017-07-11,100.005,100.009,100.001,100.009,380323
190,2017-07-12,100.004,100.004,100.0,100.003,351092
191,2017-07-13,100.0,100.009,99.998,100.003,680166
192,2017-07-14,100.006,100.011,100.005,100.01,391060
193,2017-07-17,100.0,100.0,99.996,99.999,470446
194,2017-07-18,99.997,99.997,99.993,99.995,271857
195,2017-07-19,99.994,99.994,99.983,99.984,325897
196,2017-07-20,99.984,99.989,99.982,99.986,256742
197,2017-07-21,100.003,100.011,100.003,100.006,819334
198,2017-07-24,99.994,99.996,99.991,99.992,405653
199,2017-07-25,99.991,99.993,99.989,99.993,264358
200,2017-07-26,99.992,99.997,99.992,99.997,262091
201,2017-07-27,99.993,99.997,99.99,99.997,334663
202,2017-07-28,100.005,100.012,99.996,99.998,285593
203,2017-07-31,99.992,99.993,99.983,99.991,352744
204,2017-08-01,99.991,99.991,99.983,99.987,279073
205,2017-08-02,99.986,99.996,99.986,99.996,310434
206,2017-08-03,99.997,100.0,99.997,100.0,244394
207,2017-08-04,100.003,100.017,100.003,100.016,473950
208,2017-08-07,99.999,100.002,99.997,100.001,431705
209,2017-08-08,99.998,100.001,99.998,100.001,315141
210,2017-08-09,99.998,99.999,99.998,99.999,227713
211,2017-08-10,99.997,99.998,99.995,99.998,698439
212,2017-08-11,100.001,100.01,100.001,100.009,641860
213,2017-08-14,100.0,100.0,99.995,99.996,197522
214,2017-08-15,99.996,99.996,99.992,99.996,109975
215,2017-08-16,99.994,99.995,99.988,99.988,354350
216,2017-08-17,99.99,99.99,99.977,99.982,471933
217,2017-08-18,100.001,100.005,100.001,100.004,549524
218,2017-08-21,99.992,99.992,99.988,99.99,210450
219,2017-08-22,99.99,99.994,99.988,99.993,192781
220,2017-08-23,99.993,99.994,99.992,99.994,75517
221,2017-08-24,99.993,99.999,99.993,99.999,172345
222,2017-08-25,100.006,100.012,100.005,100.005,207481
223,2017-08-28,99.997,99.997,99.985,99.986,127049
224,2017-08-29,99.983,99.983,99.977,99.98,156106
225,2017-08-30,99.976,99.979,99.971,99.978,126634
226,2017-08-31,99.975,99.989,99.971,99.989,173920
227,2017-09-01,100.003,100.011,100.002,100.009,326610
228,2017-09-04,100.0,100.0,99.995,99.998,103650
229,2017-09-05,99.995,99.999,99.995,99.999,182696
230,2017-09-06,99.998,100.0,99.997,100.0,64719
231,2017-09-07,99.998,100.001,99.996,100.001,233655
232,2017-09-08,100.003,100.008,100.0,100.008,266401
233,2017-09-11,99.998,99.998,99.994,99.995,110807
234,2017-09-12,99.995,99.995,99.99,99.993,97737
235,2017-09-13,99.992,99.994,99.99,99.994,151460
236,2017-09-14,99.993,99.997,99.991,99.996,248131
237,2017-09-15,100.006,100.008,99.999,100.0,161340
238,2017-09-18,99.993,99.993,99.985,99.986,98613
239,2017-09-19,99.987,99.988,99.982,99.983,61092
240,2017-09-20,99.984,99.984,99.978,99.981,86427
241,2017-09-21,99.98,99.984,99.978,99.984,81164
242,2017-09-22,99.993,100.0,99.993,99.994,60822
243,2017-09-25,99.99,99.99,99.98,99.983,106252
244,2017-09-26,99.98,99.983,99.98,99.983,131860
245,2017-09-27,99.979,99.979,99.962,99.963,124789
246,2017-09-28,99.972,99.972,99.961,99.961,63266
247,2017-09-29,100.041,100.068,100.041,100.053,757267
248,2017-10-09,99.99,99.99,99.967,99.97,427471
249,2017-10-10,99.978,99.998,99.972,99.995,315990
250,2017-10-11,99.997,100.001,99.995,100.001,338074
251,2017-10-12,99.998,100.003,99.998,100.003,233714
252,2017-10-13,100.009,100.017,100.007,100.017,929263
253,2017-10-16,99.99,100.0,99.99,99.998,383616
254,2017-10-17,99.998,100.0,99.997,99.999,283136
255,2017-10-18,99.998,100.0,99.997,100.0,188922
256,2017-10-19,99.998,100.008,99.997,100.006,622638
257,2017-10-20,100.008,100.015,100.007,100.015,154801
258,2017-10-23,99.998,100.003,99.995,100.003,184302
259,2017-10-24,100.0,100.002,99.999,100.0,178302
260,2017-10-25,99.998,100.0,99.998,99.999,144354
261,2017-10-26,99.997,99.997,99.992,99.995,212519
262,2017-10-27,100.0,100.005,99.999,100.0,228134
263,2017-10-30,99.993,99.993,99.971,99.979,245664
264,2017-10-31,99.98,99.99,99.975,99.989,99927
265,2017-11-01,99.992,100.06,99.992,100.05,252860
266,2017-11-02,100.047,100.05,100.003,100.05,66967
267,2017-11-03,100.02,100.79,100.02,100.051,193709
268,2017-11-06,100.0,100.042,100.0,100.037,272315
269,2017-11-07,100.01,100.479,100.01,100.031,188909
270,2017-11-08,100.013,100.027,100.013,100.021,269728
271,2017-11-09,100.02,100.02,99.999,100.0,308506
272,2017-11-10,100.003,100.012,100.003,100.007,441620
273,2017-11-13,100.001,100.006,99.992,100.006,454074
274,2017-11-14,100.0,100.016,99.996,100.001,212279
275,2017-11-15,99.998,100.003,99.997,100.001,119630
276,2017-11-16,99.999,100.015,99.999,100.014,203544
277,2017-11-17,100.01,100.016,99.999,100.0,867957
278,2017-11-20,99.995,99.995,99.985,99.993,575178
279,2017-11-21,99.992,99.997,99.989,99.995,507568
280,2017-11-22,99.993,100.005,99.991,99.996,199550
281,2017-11-23,99.997,99.997,99.986,99.989,339063
282,2017-11-24,99.998,100.012,99.998,100.006,736520
283,2017-11-27,99.995,99.995,99.988,99.992,186802
284,2017-11-28,99.99,99.992,99.987,99.99,356584
285,2017-11-29,99.99,99.992,99.987,99.987,147110
286,2017-11-30,99.988,99.996,99.983,99.996,350854
287,2017-12-01,100.002,100.014,100.002,100.012,947322
288,2017-12-04,99.996,100.003,99.991,100.0,375854
289,2017-12-05,100.0,100.001,99.998,100.0,612617
290,2017-12-06,100.0,100.002,99.999,100.001,392263
291,2017-12-07,99.998,99.999,99.995,99.998,347497
292,2017-12-08,100.003,100.007,100.0,100.003,893016
293,2017-12-11,99.995,99.995,99.989,99.99,826634
294,2017-12-12,99.99,99.992,99.986,99.99,240612
295,2017-12-13,99.988,99.993,99.986,99.989,476609
296,2017-12-14,99.988,99.992,99.985,99.992,367494
297,2017-12-15,100.0,100.005,99.998,99.999,623189
298,2017-12-18,99.995,99.995,99.979,99.98,233576
299,2017-12-19,99.982,99.982,99.962,99.968,198530
300,2017-12-20,99.965,99.976,99.961,99.973,468902
301,2017-12-21,99.97,99.988,99.968,99.985,562841
302,2017-12-22,99.995,99.998,99.995,99.998,229351
303,2017-12-25,99.992,99.992,99.978,99.982,127579
304,2017-12-26,99.98,100.0,99.978,99.98,289015
305,2017-12-27,99.97,99.975,99.823,99.9,218842
306,2017-12-28,99.95,99.97,99.82,99.85,102209
307,2017-12-29,100.01,100.01,99.99,100.005,263907
308,2018-01-02,99.995,99.995,99.983,99.983,3487965
309,2018-01-03,99.986,99.996,99.986,99.995,1362548
310,2018-01-04,99.996,100.007,99.994,100.005,1133925
311,2018-01-05,100.008,100.03,100.003,100.028,791060
312,2018-01-08,99.999,100.006,99.996,100.006,1278965
313,2018-01-09,100.002,100.005,100.0,100.003,620121
314,2018-01-10,99.999,100.004,99.999,100.003,864865
315,2018-01-11,100.0,100.006,100.0,100.005,491547
316,2018-01-12,100.009,100.019,100.007,100.019,471301
317,2018-01-15,100.005,100.005,99.999,100.005,1317890
318,2018-01-16,99.999,100.001,99.998,100.0,899169
319,2018-01-17,99.997,99.997,99.988,99.994,831445
320,2018-01-18,99.991,99.994,99.987,99.991,564722
321,2018-01-19,100.003,100.018,100.003,100.015,1087386
322,2018-01-22,99.998,100.002,99.991,100.0,330659
323,2018-01-23,99.998,100.0,99.995,100.0,430775
324,2018-01-24,99.997,100.001,99.996,100.001,471585
325,2018-01-25,99.998,100.05,99.991,100.001,768844
326,2018-01-26,100.005,100.01,100.0,100.009,938461
327,2018-01-29,99.995,100.0,99.992,99.997,993898
328,2018-01-30,99.996,100.002,99.995,100.001,698744
329,2018-01-31,99.999,99.999,99.997,99.998,426949
330,2018-02-01,99.998,100.0,99.994,100.0,698389
331,2018-02-02,100.004,100.011,100.004,100.01,1364796
332,2018-02-05,99.996,100.003,99.994,100.002,801459
333,2018-02-06,99.998,100.0,99.996,100.0,458082
334,2018-02-07,99.997,99.998,99.994,99.996,572523
335,2018-02-08,99.996,99.997,99.991,99.995,876986
336,2018-02-09,99.998,100.004,99.993,100.002,1014217
337,2018-02-12,99.987,99.995,99.982,99.993,1031287
338,2018-02-13,99.999,100.028,99.97,100.018,980920
339,2018-02-14,100.051,100.09,100.051,100.081,662897
340,2018-02-22,100.0,100.002,99.996,99.997,613077
341,2018-02-23,100.005,100.028,100.005,100.021,924556
342,2018-02-26,100.002,100.007,99.999,100.004,771367
343,2018-02-27,100.001,100.004,99.999,100.002,643355
344,2018-02-28,100.0,100.002,99.994,100.002,1026164
345,2018-03-01,99.998,100.003,99.998,100.002,787030
346,2018-03-02,100.009,100.017,100.006,100.017,601674
347,2018-03-05,99.998,100.002,99.997,100.001,745642
348,2018-03-06,100.0,100.003,99.999,100.001,625643
349,2018-03-07,99.998,100.001,99.997,100.0,426933
350,2018-03-08,99.999,100.0,99.996,99.999,1642426
351,2018-03-09,100.003,100.007,100.001,100.003,1365866
352,2018-03-12,99.995,99.995,99.985,99.993,1048664
353,2018-03-13,99.993,99.997,99.991,99.996,692800
354,2018-03-14,99.994,99.997,99.991,99.996,899462
355,2018-03-15,99.995,99.997,99.994,99.995,449073
356,2018-03-16,100.005,100.008,100.003,100.007,622720
357,2018-03-19,99.993,99.996,99.992,99.995,667418
358,2018-03-20,99.995,99.997,99.993,99.997,256951
359,2018-03-21,99.995,99.997,99.993,99.995,248836
360,2018-03-22,99.996,99.998,99.994,99.998,208971
361,2018-03-23,100.001,100.005,100.0,100.004,519425
362,2018-03-26,99.991,99.993,99.985,99.987,451931
363,2018-03-27,99.987,99.987,99.975,99.986,275572
364,2018-03-28,99.983,99.983,99.97,99.98,370707
365,2018-03-29,99.983,99.988,99.789,99.933,295088
366,2018-03-30,99.995,99.999,99.99,99.999,469596
367,2018-04-02,99.995,100.004,99.995,100.001,410455
368,2018-04-03,100.001,100.028,99.999,100.017,578356
369,2018-04-04,100.035,100.068,100.035,100.056,424227
370,2018-04-09,100.0,100.012,99.999,100.011,503447
371,2018-04-10,100.009,100.011,100.005,100.007,395017
372,2018-04-11,100.004,100.006,100.002,100.004,334041
373,2018-04-12,100.001,100.006,100.0,100.006,233589
374,2018-04-13,100.008,100.023,100.008,100.022,641307
375,2018-04-16,100.003,100.006,100.0,100.001,480651
376,2018-04-17,99.997,100.0,99.996,99.998,426332
377,2018-04-18,99.998,99.998,99.993,99.995,486924
378,2018-04-19,99.998,99.998,99.96,99.978,462589
379,2018-04-20,99.996,100.004,99.992,100.003,556984
380,2018-04-23,99.998,99.998,99.924,99.958,255568
381,2018-04-24,99.938,99.957,99.922,99.942,278672
382,2018-04-25,99.945,99.995,99.945,99.987,154633
383,2018-04-26,99.99,99.99,99.933,99.978,140695
384,2018-04-27,100.03,100.05,100.026,100.034,217044
385,2018-05-02,99.998,100.001,99.995,100.001,329665
386,2018-05-03,99.997,100.006,99.997,100.005,254135
387,2018-05-04,100.015,100.026,100.015,100.025,290413
388,2018-05-07,100.002,100.008,99.997,100.006,327185
389,2018-05-08,100.003,100.009,99.999,100.007,277039
390,2018-05-09,100.001,100.007,100.001,100.006,157756
391,2018-05-10,100.003,100.005,100.003,100.005,161356
392,2018-05-11,100.015,100.02,100.011,100.019,304264
393,2018-05-14,100.002,100.002,99.999,99.999,247198
394,2018-05-15,99.998,99.998,99.993,99.997,255115
395,2018-05-16,99.995,99.997,99.993,99.997,230230
396,2018-05-17,99.999,100.001,99.997,100.001,151918
397,2018-05-18,100.012,100.015,100.01,100.012,352194
398,2018-05-21,99.996,100.0,99.995,100.0,172008
399,2018-05-22,100.0,100.001,99.997,100.0,174725
400,2018-05-23,99.997,100.002,99.996,100.001,154283
401,2018-05-24,100.0,100.001,99.999,100.0,247769
402,2018-05-25,100.01,100.012,100.008,100.01,238855
403,2018-05-28,99.996,99.996,99.977,99.993,155299
404,2018-05-29,99.99,99.99,99.978,99.986,297004
405,2018-05-30,99.983,99.983,99.964,99.969,207451
406,2018-05-31,99.971,99.988,99.97,99.988,594613
407,2018-06-01,100.009,100.016,100.009,100.013,526986
408,2018-06-04,99.998,100.003,99.998,100.002,332019
409,2018-06-05,99.999,100.002,99.999,100.001,148403
410,2018-06-06,99.999,100.006,99.999,100.006,267868
411,2018-06-07,99.999,100.004,99.999,100.001,414830
412,2018-06-08,100.015,100.015,100.005,100.012,1343921
413,2018-06-11,99.999,100.001,99.997,99.999,873673
414,2018-06-12,99.998,99.999,99.994,99.996,402373
415,2018-06-13,99.993,99.995,99.989,99.995,650575
416,2018-06-14,99.994,99.994,99.99,99.993,750928
417,2018-06-15,100.018,100.022,100.01,100.016,749259
418,2018-06-19,99.995,99.995,99.98,99.988,340324
419,2018-06-20,99.984,99.988,99.955,99.988,333767
420,2018-06-21,99.985,99.997,99.981,99.997,360025
421,2018-06-22,100.0,100.002,99.996,100.001,411442
422,2018-06-25,99.991,99.991,99.976,99.985,101739
423,2018-06-26,99.985,99.99,99.979,99.988,373732
424,2018-06-27,99.985,99.985,99.965,99.977,180951
425,2018-06-28,99.975,99.975,99.902,99.974,337132
426,2018-06-29,99.99,100.008,99.99,100.005,517945
427,2018-07-02,100.0,100.01,99.996,100.009,229837
428,2018-07-03,100.01,100.021,100.01,100.02,229993
429,2018-07-04,100.015,100.022,100.015,100.022,221895
430,2018-07-05,100.019,100.024,100.017,100.023,235525
431,2018-07-06,100.022,100.032,100.022,100.03,233505
432,2018-07-09,100.006,100.04,100.006,100.023,238961
433,2018-07-10,100.02,100.023,100.016,100.023,212725
434,2018-07-11,100.019,100.024,100.018,100.02,198205
435,2018-07-12,100.017,100.018,100.012,100.012,158646
436,2018-07-13,100.02,100.022,100.019,100.022,135365
437,2018-07-16,100.002,100.017,100.002,100.016,198079
438,2018-07-17,100.013,100.016,100.013,100.016,66211
439,2018-07-18,100.01,100.019,100.01,100.012,148470
440,2018-07-19,100.01,100.015,100.003,100.013,98867
441,2018-07-20,100.025,100.034,100.021,100.022,120708
442,2018-07-23,100.01,100.01,100.0,100.008,125889
443,2018-07-24,100.005,100.005,99.939,99.994,234250
444,2018-07-25,99.991,100.18,99.99,99.992,165620
445,2018-07-26,99.992,100.003,99.992,100.002,151818
446,2018-07-27,100.005,100.016,100.005,100.015,85606
447,2018-07-30,100.006,100.006,99.99,100.005,280595
448,2018-07-31,100.002,100.004,100.002,100.004,110211
449,2018-08-01,100.002,100.004,100.002,100.003,55898
450,2018-08-02,100.003,100.004,100.0,100.002,76570
451,2018-08-03,100.005,100.017,100.005,100.017,153010
452,2018-08-06,100.004,100.004,100.001,100.003,179512
453,2018-08-07,100.0,100.002,99.994,100.0,618684
454,2018-08-08,99.999,100.004,99.998,100.002,305140
455,2018-08-09,99.999,100.0,99.997,100.0,192054
456,2018-08-10,100.007,100.013,100.006,100.011,435853
457,2018-08-13,99.999,100.0,99.997,100.0,258000
458,2018-08-14,99.998,99.999,99.996,99.998,361193
459,2018-08-15,99.998,99.999,99.997,99.999,208388
460,2018-08-16,99.997,100.0,99.995,100.0,426683
461,2018-08-17,100.005,100.008,100.001,100.007,318160
462,2018-08-20,99.998,99.998,99.995,99.997,363723
463,2018-08-21,99.996,99.998,99.992,99.998,229525
464,2018-08-22,99.995,99.996,99.992,99.994,247573
465,2018-08-23,99.994,99.997,99.993,99.995,263743
466,2018-08-24,100.003,100.008,100.003,100.008,298507
467,2018-08-27,99.997,99.997,99.994,99.997,355846
468,2018-08-28,99.996,99.997,99.993,99.997,285943
469,2018-08-29,99.995,99.997,99.994,99.996,242821
470,2018-08-30,99.995,100.0,99.995,99.999,334487
471,2018-08-31,100.003,100.009,100.0,100.008,393764
472,2018-09-03,99.997,99.998,99.996,99.998,223249
473,2018-09-04,99.995,99.998,99.993,99.997,252645
474,2018-09-05,99.996,99.999,99.995,99.998,179052
475,2018-09-06,99.996,99.996,99.994,99.996,141624
476,2018-09-07,100.005,100.005,99.996,99.997,203348
477,2018-09-10,99.994,99.995,99.99,99.995,240291
478,2018-09-11,99.993,99.995,99.99,99.995,344865
479,2018-09-12,99.993,99.998,99.992,99.997,174995
480,2018-09-13,99.994,99.999,99.992,99.996,258501
481,2018-09-14,100.0,100.004,99.999,100.004,183429
482,2018-09-17,99.992,99.997,99.992,99.997,145407
483,2018-09-18,99.995,99.997,99.992,99.993,155796
484,2018-09-19,99.993,99.994,99.989,99.993,108505
485,2018-09-20,99.992,99.992,99.989,99.99,74727
486,2018-09-21,100.001,100.005,99.981,99.989,154934
487,2018-09-25,99.989,99.989,99.959,99.97,148138
488,2018-09-26,99.97,99.97,99.952,99.953,73563
489,2018-09-27,99.956,99.979,99.935,99.979,123505
490,2018-09-28,100.045,100.085,100.044,100.055,277349
491,2018-10-08,99.995,100.003,99.995,100.002,185029
492,2018-10-09,99.998,100.004,99.998,100.003,44999
493,2018-10-10,100.0,100.003,99.997,100.002,119391
494,2018-10-11,99.998,100.001,99.998,100.001,54634
495,2018-10-12,100.005,100.011,100.001,100.01,166228
496,2018-10-15,100.002,100.002,99.997,100.001,112628
497,2018-10-16,99.998,100.001,99.997,100.001,84716
498,2018-10-17,99.997,100.001,99.996,100.0,118504
499,2018-10-18,99.998,100.0,99.997,99.999,96260
500,2018-10-19,100.005,100.012,100.0,100.012,186569
501,2018-10-22,100.0,100.0,99.981,99.994,274455
502,2018-10-23,99.993,99.998,99.99,99.997,217915
503,2018-10-24,99.998,100.003,99.995,100.002,248586
504,2018-10-25,99.999,100.0,99.994,100.0,209645
505,2018-10-26,100.003,100.008,100.001,100.007,203606
506,2018-10-29,99.998,100.002,99.997,100.002,130908
507,2018-10-30,100.0,100.001,99.998,100.001,80621
508,2018-10-31,99.998,100.001,99.994,100.001,133770
509,2018-11-01,99.999,99.999,99.992,99.997,187411
510,2018-11-02,99.997,99.997,99.99,99.996,176208
511,2018-11-05,99.991,99.995,99.987,99.995,236742
512,2018-11-06,99.995,100.001,99.994,99.999,157762
513,2018-11-07,99.998,99.999,99.996,99.998,92451
514,2018-11-08,99.998,99.999,99.996,99.999,72014
515,2018-11-09,100.005,100.01,100.003,100.008,182068
516,2018-11-12,99.998,100.0,99.997,100.0,133501
517,2018-11-13,99.996,99.997,99.994,99.995,74417
518,2018-11-14,99.993,99.995,99.993,99.995,59024
519,2018-11-15,99.995,99.996,99.993,99.995,72100
520,2018-11-16,100.0,100.0,99.995,99.998,114223
521,2018-11-19,99.994,99.995,99.992,99.994,102343
522,2018-11-20,99.995,99.996,99.992,99.995,88602
523,2018-11-21,99.993,99.997,99.993,99.997,102500
524,2018-11-22,99.995,99.998,99.995,99.998,70005
525,2018-11-23,100.002,100.009,100.002,100.008,82123
526,2018-11-26,99.996,99.999,99.995,99.997,70067
527,2018-11-27,99.997,99.998,99.994,99.997,91040
528,2018-11-28,99.997,99.997,99.994,99.995,67966
529,2018-11-29,99.995,99.995,99.99,99.994,67540
530,2018-11-30,99.997,100.003,99.994,100.002,439256
531,2018-12-03,99.99,99.994,99.951,99.99,449952
532,2018-12-04,99.991,99.996,99.991,99.995,308310
533,2018-12-05,99.992,99.995,99.99,99.993,1202442
534,2018-12-06,99.992,99.996,99.992,99.993,279948
535,2018-12-07,100.002,100.008,100.002,100.005,315739
536,2018-12-10,99.999,100.0,99.995,100.0,333705
537,2018-12-11,99.998,100.0,99.997,99.999,306600
538,2018-12-12,99.999,99.999,99.995,99.995,169905
539,2018-12-13,99.995,99.997,99.973,99.995,237111
540,2018-12-14,99.995,99.996,99.993,99.995,48801
541,2018-12-17,99.993,99.993,99.981,99.984,112465
542,2018-12-18,99.983,99.988,99.974,99.987,318183
543,2018-12-19,99.99,99.99,99.985,99.986,152069
544,2018-12-20,99.983,99.988,99.907,99.907,109855
545,2018-12-21,99.998,99.998,99.978,99.979,172731
546,2018-12-24,99.98,99.98,99.961,99.969,131135
547,2018-12-25,99.973,99.973,99.964,99.965,142340
548,2018-12-26,99.965,99.968,99.957,99.959,129292
549,2018-12-27,99.959,99.962,99.846,99.962,339836
550,2018-12-28,99.997,100.013,99.997,100.011,745471
551,2019-01-02,99.997,99.998,99.989,99.99,349918
552,2019-01-03,99.993,100.008,99.991,100.008,425034
553,2019-01-04,100.005,100.019,100.005,100.019,222515
554,2019-01-07,100.001,100.028,99.999,100.023,300272
555,2019-01-08,100.018,100.099,100.01,100.023,154210
556,2019-01-09,100.02,100.02,100.0,100.009,58239
557,2019-01-10,100.0,100.007,100.0,100.006,168452
558,2019-01-11,100.011,100.017,100.011,100.017,189146
559,2019-01-14,100.0,100.018,100.0,100.017,173201
560,2019-01-15,100.01,100.01,100.004,100.008,90414
561,2019-01-16,100.008,100.008,99.999,100.002,78522
562,2019-01-17,100.0,100.001,99.999,100.0,79600
563,2019-01-18,100.005,100.01,100.005,100.008,75906
564,2019-01-21,100.008,100.008,99.999,100.001,54012
565,2019-01-22,100.001,100.002,100.0,100.001,15812
566,2019-01-23,100.001,100.001,100.0,100.001,57938
567,2019-01-24,100.0,100.001,99.998,99.999,89534
568,2019-01-25,100.0,100.003,99.999,100.002,182900
569,2019-01-28,99.999,99.999,99.989,99.99,159442
570,2019-01-29,99.994,99.995,99.992,99.995,96641
571,2019-01-30,99.994,100.0,99.994,99.995,52304
572,2019-01-31,99.995,99.996,99.993,99.994,126127
573,2019-02-01,100.054,100.133,100.05,100.099,308457
574,2019-02-11,100.002,100.008,100.0,100.008,81737
575,2019-02-12,100.005,100.017,100.001,100.009,111304
576,2019-02-13,100.005,100.005,100.0,100.002,70016
577,2019-02-14,100.0,100.004,99.999,100.001,70804
578,2019-02-15,100.001,100.008,100.001,100.008,107713
579,2019-02-18,100.0,100.005,99.999,100.001,99614
580,2019-02-19,100.0,100.001,99.998,100.001,76512
581,2019-02-20,100.001,100.004,100.0,100.002,327600
582,2019-02-21,100.002,100.006,99.995,99.998,294783
583,2019-02-22,100.006,100.008,100.004,100.004,114204
584,2019-02-25,100.0,100.0,99.973,99.98,145420
585,2019-02-26,99.99,99.992,99.882,99.944,227861
586,2019-02-27,99.98,99.993,99.941,99.993,161195
587,2019-02-28,99.993,100.003,99.993,100.0,276262
588,2019-03-01,100.0,100.012,100.0,100.012,123601
589,2019-03-04,100.003,100.003,99.997,100.001,116132
590,2019-03-05,100.001,100.001,99.992,99.996,267130
591,2019-03-06,99.997,99.998,99.995,99.997,104313
592,2019-03-07,99.996,100.0,99.989,99.999,212061
593,2019-03-08,100.0,100.002,100.0,100.0,158826
594,2019-03-11,100.0,100.0,99.993,99.996,449642
595,2019-03-12,99.998,100.002,99.996,100.001,190369
596,2019-03-13,99.998,99.999,99.996,99.999,99404
597,2019-03-14,99.997,100.001,99.997,99.999,300556
598,2019-03-15,100.0,100.008,99.998,100.002,383969
599,2019-03-18,100.0,100.0,99.993,99.996,107156
600,2019-03-19,99.997,100.003,99.996,100.0,342106
601,2019-03-20,99.997,100.0,99.994,99.995,170606
602,2019-03-21,99.997,99.997,99.991,99.995,193440
603,2019-03-22,100.0,100.001,99.998,100.001,106216
604,2019-03-25,99.998,99.998,99.991,99.996,113344
605,2019-03-26,99.996,99.999,99.505,99.998,91522
606,2019-03-27,99.998,99.999,99.991,99.992,110800
607,2019-03-28,99.995,99.995,99.98,99.981,160397
608,2019-03-29,99.996,100.0,99.988,99.994,102674
609,2019-04-01,100.0,100.0,99.962,99.978,373158
610,2019-04-02,99.989,99.991,99.974,99.991,334420
611,2019-04-03,99.991,100.0,99.99,99.999,276190
612,2019-04-04,99.992,100.019,99.992,100.017,487754
613,2019-04-08,99.998,100.001,99.985,100.001,295697
614,2019-04-09,100.001,100.001,99.996,100.0,207627
615,2019-04-10,100.0,100.0,99.997,99.999,156556
616,2019-04-11,99.998,100.002,99.995,100.001,207849
617,2019-04-12,100.004,100.012,100.001,100.012,378050
618,2019-04-15,99.998,100.0,99.993,100.0,191601
619,2019-04-16,100.0,100.0,99.991,99.994,264128
620,2019-04-17,99.995,99.995,99.991,99.993,97819
621,2019-04-18,99.993,99.996,99.993,99.995,81554
622,2019-04-19,100.0,100.01,100.0,100.01,254841
623,2019-04-22,100.001,100.001,99.991,99.997,240491
624,2019-04-23,99.994,99.998,99.994,99.998,204035
625,2019-04-24,99.996,99.997,99.994,99.997,143533
626,2019-04-25,99.991,99.995,99.991,99.994,73134
627,2019-04-26,100.001,100.002,99.998,100.0,149511
628,2019-04-29,100.0,100.0,99.973,99.983,262803
629,2019-04-30,100.009,100.027,100.009,100.027,588614
630,2019-05-06,99.998,100.004,99.525,100.002,580020
631,2019-05-07,99.999,100.005,99.992,100.003,174229
632,2019-05-08,100.0,100.004,99.999,100.003,119260
633,2019-05-09,100.0,100.005,100.0,100.005,212597
634,2019-05-10,100.006,100.01,100.003,100.01,195205
635,2019-05-13,100.002,100.003,99.998,100.003,188416
636,2019-05-14,100.003,100.003,100.0,100.002,102410
637,2019-05-15,100.002,100.003,100.0,100.002,64905
638,2019-05-16,100.001,100.001,99.998,99.999,62612
639,2019-05-17,100.001,100.011,100.001,100.01,159511
640,2019-05-20,100.0,100.0,99.997,99.998,120700
641,2019-05-21,99.995,99.998,99.991,99.996,310900
642,2019-05-22,99.996,99.999,99.994,99.998,138102
643,2019-05-23,99.998,100.02,99.996,100.011,249876
644,2019-05-24,100.011,100.012,100.004,100.009,63988
645,2019-05-27,100.004,100.004,99.996,99.997,65595
646,2019-05-28,99.993,100.0,99.993,100.0,33973
647,2019-05-29,100.0,100.001,99.992,100.0,36002
648,2019-05-30,99.995,99.999,99.995,99.999,35800
649,2019-05-31,100.005,100.012,100.0,100.011,39313
650,2019-06-03,99.999,100.001,99.992,100.001,38121
651,2019-06-04,99.998,100.001,99.996,100.001,26932
652,2019-06-05,100.001,100.005,99.997,99.997,20082
653,2019-06-06,100.015,100.015,100.007,100.012,31311
654,2019-06-10,100.006,100.006,99.995,99.999,30646
655,2019-06-11,99.999,100.002,99.996,99.998,8902
656,2019-06-12,99.996,99.999,99.995,99.997,14928
657,2019-06-13,99.997,99.999,99.997,99.999,26500
658,2019-06-14,100.0,100.01,100.0,100.008,223683
659,2019-06-17,99.999,99.999,99.996,99.998,70704
660,2019-06-18,99.998,99.999,99.995,99.998,62306
661,2019-06-19,99.99,99.995,99.881,99.995,235558
662,2019-06-20,99.994,99.998,99.951,99.984,324621
663,2019-06-21,99.984,100.002,99.961,99.995,305849
664,2019-06-24,99.99,99.992,99.987,99.992,121528
665,2019-06-25,99.995,99.995,99.991,99.994,37735
666,2019-06-26,99.992,99.995,99.99,99.992,22740
667,2019-06-27,99.993,99.993,99.971,99.98,53065
668,2019-06-28,100.005,100.005,99.988,99.995,60433
669,2019-07-01,99.988,99.988,99.971,99.979,101613
670,2019-07-02,99.98,100.017,99.978,100.014,324983
671,2019-07-03,100.01,100.01,99.994,100.0,69402
672,2019-07-04,99.992,100.001,99.992,100.0,124290
673,2019-07-05,100.004,100.01,100.0,100.006,230065
674,2019-07-08,99.998,100.001,99.996,99.998,84432
675,2019-07-09,99.996,100.0,99.995,99.999,67400
676,2019-07-10,99.997,99.999,99.991,99.997,13893
677,2019-07-11,99.992,100.0,99.992,99.995,119003
678,2019-07-12,100.002,100.008,100.002,100.004,76729
679,2019-07-15,99.999,99.999,99.992,99.995,39814
680,2019-07-16,99.994,99.995,99.994,99.995,12401
681,2019-07-17,99.993,99.995,99.991,99.993,40111
682,2019-07-18,99.991,99.993,99.991,99.991,15412
683,2019-07-19,100.003,100.003,100.0,100.003,91552
684,2019-07-22,99.994,99.994,99.989,99.993,119808
685,2019-07-23,99.993,99.997,99.992,99.994,51505
686,2019-07-24,99.991,99.995,99.991,99.995,41823
687,2019-07-25,99.992,99.996,99.991,99.994,45413
688,2019-07-26,100.001,100.005,100.001,100.004,54062
689,2019-07-29,99.996,99.996,99.991,99.995,52001
690,2019-07-30,99.993,99.993,99.971,99.991,81148
691,2019-07-31,99.994,99.995,99.991,99.994,50100
692,2019-08-01,99.991,99.998,99.989,99.995,90964
693,2019-08-02,99.998,100.003,99.998,100.002,50717
694,2019-08-05,99.999,100.002,99.992,99.994,29357
695,2019-08-06,99.994,99.999,99.99,99.993,65123
696,2019-08-07,99.99,100.01,99.99,100.005,77958
697,2019-08-08,100.005,100.008,100.005,100.007,9558
698,2019-08-09,100.0,100.033,99.998,100.013,38003
699,2019-08-12,100.01,100.195,100.002,100.014,22011
700,2019-08-13,100.019,100.028,100.014,100.014,7949
701,2019-08-14,100.011,100.581,100.011,100.017,13649
702,2019-08-15,100.014,100.014,99.996,100.013,35121
703,2019-08-16,100.014,100.017,100.014,100.016,6230
704,2019-08-19,100.019,100.03,100.018,100.018,41630
705,2019-08-20,100.016,100.079,100.014,100.025,28903
706,2019-08-21,100.022,100.048,100.022,100.039,24775
707,2019-08-22,100.038,100.038,100.025,100.026,23748
708,2019-08-23,100.023,100.064,100.016,100.049,39463
709,2019-08-26,100.046,100.046,99.99,100.001,15500
710,2019-08-27,100.004,100.004,99.999,100.0,40504
711,2019-08-28,99.998,100.005,99.998,100.005,19301
712,2019-08-29,100.002,100.002,99.98,99.992,192176
713,2019-08-30,99.995,100.003,99.995,99.998,30417
714,2019-09-02,99.998,100.0,99.988,99.992,29352
715,2019-09-03,99.99,99.992,99.989,99.989,78954
716,2019-09-04,99.987,99.992,99.987,99.991,198276
717,2019-09-05,99.988,99.989,99.975,99.987,392614
718,2019-09-06,99.99,99.999,99.989,99.997,151614
719,2019-09-09,99.994,99.994,99.961,99.99,96821
720,2019-09-10,99.987,99.994,99.981,99.986,203007
721,2019-09-11,99.985,99.993,99.983,99.992,65351
722,2019-09-12,99.995,100.013,99.995,100.011,80696
723,2019-09-16,100.008,100.008,99.985,99.991,79240
724,2019-09-17,99.99,99.994,99.99,99.992,67128
725,2019-09-18,99.991,99.994,99.99,99.994,110903
726,2019-09-19,99.992,99.994,99.991,99.993,78102
727,2019-09-20,100.002,100.003,99.995,100.003,89709
728,2019-09-23,99.989,99.995,99.989,99.993,96250
729,2019-09-24,99.99,99.995,99.989,99.991,46863
730,2019-09-25,99.99,99.994,99.99,99.993,41774
731,2019-09-26,99.994,99.994,99.99,99.992,32527
732,2019-09-27,100.005,100.008,99.989,100.007,129818
733,2019-09-30,100.033,100.07,100.033,100.053,72017
734,2019-10-08,99.992,100.0,99.965,99.997,121514
735,2019-10-09,99.996,100.016,99.994,100.01,65918
736,2019-10-10,100.007,100.024,99.992,100.014,68015
737,2019-10-11,100.014,100.024,100.013,100.023,45935
738,2019-10-14,100.02,100.052,99.966,100.052,53878
739,2019-10-15,100.05,100.05,99.992,100.009,16953
740,2019-10-16,100.006,100.006,99.992,99.996,82103
741,2019-10-17,99.996,99.998,99.995,99.996,104600
742,2019-10-18,100.003,100.008,100.003,100.006,91400
743,2019-10-21,99.998,100.004,99.991,99.999,68524
744,2019-10-22,99.999,100.0,99.997,99.998,11034
745,2019-10-23,99.998,100.009,99.996,99.998,11848
746,2019-10-24,99.998,100.01,99.996,100.01,35168
747,2019-10-25,100.007,100.041,100.003,100.007,35036
748,2019-10-28,100.005,100.005,99.98,99.986,78238
749,2019-10-29,99.986,100.0,99.983,99.992,56902
750,2019-10-30,99.991,99.999,99.991,99.997,46617
751,2019-10-31,99.995,99.999,99.994,99.995,2011
752,2019-11-01,100.006,100.006,99.977,99.999,164400
753,2019-11-04,99.994,99.995,99.99,99.994,30401
754,2019-11-05,99.993,99.993,99.979,99.988,74481
755,2019-11-06,99.987,99.995,99.985,99.995,28829
756,2019-11-07,99.992,99.996,99.992,99.994,26300
757,2019-11-08,99.999,100.009,99.999,100.002,11109
758,2019-11-11,100.0,100.001,99.982,99.997,49723
759,2019-11-12,99.994,99.998,99.994,99.998,3502
760,2019-11-13,99.997,100.031,99.996,99.999,17204
761,2019-11-14,99.984,100.083,99.984,99.998,94618
762,2019-11-15,100.0,100.0,99.996,99.996,21624
763,2019-11-18,99.995,99.999,99.975,99.994,44706
764,2019-11-19,99.993,99.998,99.972,99.996,67804
765,2019-11-20,99.995,99.999,99.988,99.997,32703
766,2019-11-21,99.996,100.078,99.994,100.029,1309626
767,2019-11-22,100.029,100.049,100.029,100.039,1385606
768,2019-11-25,100.036,100.041,99.993,100.03,38336
769,2019-11-26,100.033,100.037,100.033,100.037,17018
770,2019-11-27,100.034,100.034,100.034,100.034,605
771,2019-11-28,100.033,100.035,100.032,100.032,18922
772,2019-11-29,100.031,100.035,100.029,100.033,13442
773,2019-12-02,100.032,100.032,99.982,100.004,25307
774,2019-12-03,100.003,100.007,99.981,100.005,23913
775,2019-12-04,100.002,100.009,99.994,100.004,88901
776,2019-12-05,100.001,100.006,100.0,100.0,17503
777,2019-12-06,99.997,100.0,99.997,99.999,25700
778,2019-12-09,99.995,99.999,99.994,99.997,16900
779,2019-12-10,99.997,99.998,99.994,99.994,10521
780,2019-12-11,99.991,99.996,99.973,99.995,41543
781,2019-12-12,99.992,99.998,99.992,99.998,14502
782,2019-12-13,99.995,100.0,99.975,99.986,64608
783,2019-12-16,99.985,99.985,99.94,99.974,205689
784,2019-12-17,99.973,99.982,99.972,99.976,79301
785,2019-12-18,99.973,99.981,99.962,99.981,59273
786,2019-12-19,99.98,99.984,99.977,99.984,83391
787,2019-12-20,99.981,99.996,99.981,99.991,17800
788,2019-12-23,99.988,99.993,99.981,99.993,37300
789,2019-12-24,99.99,99.995,99.99,99.991,3201
790,2019-12-25,99.988,100.001,99.988,99.999,26463
791,2019-12-26,99.996,100.001,99.996,100.001,10801
792,2019-12-27,100.0,100.001,99.986,99.994,23144
793,2019-12-30,99.994,99.996,99.934,99.986,51400
794,2019-12-31,99.983,99.99,99.98,99.987,49506
795,2020-01-02,99.984,99.996,99.984,99.995,70404
796,2020-01-03,99.986,100.003,99.986,100.003,24687
797,2020-01-06,99.999,100.001,99.999,100.001,19303
798,2020-01-07,99.998,100.048,99.985,100.02,50920
799,2020-01-08,100.017,100.02,100.017,100.017,5984
800,2020-01-09,100.014,100.014,100.011,100.011,5417
801,2020-01-10,100.008,100.014,99.994,100.013,32160
802,2020-01-13,100.005,100.006,99.987,100.001,74220
803,2020-01-14,100.0,100.002,99.999,100.0,25403
804,2020-01-15,99.997,100.035,99.997,100.024,78310
805,2020-01-16,100.027,100.041,100.0,100.029,2701
806,2020-01-17,100.029,100.032,100.015,100.015,23806
807,2020-01-20,100.012,100.018,99.997,100.015,35802
808,2020-01-21,100.013,100.013,99.998,100.003,58932
809,2020-01-22,100.0,100.084,99.999,100.008,30488
810,2020-01-23,100.041,100.325,100.041,100.295,89404
811,2020-02-03,100.297,100.297,99.521,100.0,72627
812,2020-02-04,99.997,100.005,99.903,100.004,70433
813,2020-02-05,99.999,100.007,99.933,100.007,145039
814,2020-02-06,100.009,100.195,99.992,100.014,124637
815,2020-02-07,100.017,100.1,100.016,100.047,108698
816,2020-02-10,100.044,100.044,99.998,100.016,78303
817,2020-02-11,100.002,100.018,100.002,100.018,88578
818,2020-02-12,100.015,100.015,100.005,100.008,66900
819,2020-02-13,100.005,100.011,100.004,100.008,32153
820,2020-02-14,100.008,100.011,100.008,100.011,24507
821,2020-02-17,100.01,100.01,99.993,99.998,111602
822,2020-02-18,99.995,100.001,99.995,100.0,42624
823,2020-02-19,100.002,100.003,99.998,100.001,25402
824,2020-02-20,100.004,100.016,100.004,100.004,65605
825,2020-02-21,100.002,100.016,100.002,100.013,107902
826,2020-02-24,100.01,100.015,99.996,100.007,115616
827,2020-02-25,100.001,100.008,100.0,100.006,75905
828,2020-02-26,100.003,100.016,100.003,100.014,106400
829,2020-02-27,100.011,100.015,100.003,100.008,196302
830,2020-02-28,100.005,100.013,100.005,100.012,56523
831,2020-03-02,100.007,100.007,99.996,100.001,92354
832,2020-03-03,99.998,100.004,99.998,100.002,74973
833,2020-03-04,99.998,100.012,99.998,100.002,89666
834,2020-03-05,99.998,100.008,99.963,100.006,54004
835,2020-03-06,100.006,100.017,100.002,100.015,108400
836,2020-03-09,100.005,100.018,99.993,100.012,104297
837,2020-03-10,99.986,100.003,99.986,99.999,93702
838,2020-03-11,99.992,100.002,99.992,99.999,18900
839,2020-03-12,99.999,100.007,99.999,100.006,64588
840,2020-03-13,99.995,100.003,99.995,100.002,69802
841,2020-03-16,99.996,100.005,99.99,100.002,152001
842,2020-03-17,99.993,100.001,99.992,100.001,114528
843,2020-03-18,99.996,100.009,99.996,100.008,78730
844,2020-03-19,99.996,100.007,99.996,100.007,90418
845,2020-03-20,100.006,100.017,100.001,100.015,67512
846,2020-03-23,99.999,100.009,99.999,100.004,38794
847,2020-03-24,100.004,100.004,99.994,100.003,57122
848,2020-03-25,100.0,100.0,99.989,100.0,124927
849,2020-03-26,99.998,100.001,99.991,99.999,120200
850,2020-03-27,99.999,100.018,99.999,100.01,140630
851,2020-03-30,100.005,100.087,100.004,100.005,149109
852,2020-03-31,100.004,100.004,99.981,99.996,139105
853,2020-04-01,100.0,100.003,99.999,100.002,32367
854,2020-04-02,100.001,100.009,99.997,100.005,89203
855,2020-04-03,100.006,100.015,100.006,100.013,82656
856,2020-04-07,99.998,100.002,99.505,100.002,111009
857,2020-04-08,99.999,100.004,99.999,100.004,42316
858,2020-04-09,99.991,100.01,99.991,100.004,151274
859,2020-04-10,100.006,100.066,100.003,100.012,165503
860,2020-04-13,99.993,100.012,99.992,100.009,241415
861,2020-04-14,99.973,100.005,99.973,100.004,121647
862,2020-04-15,100.004,100.004,100.0,100.003,183644
863,2020-04-16,100.027,100.027,100.001,100.002,140515
864,2020-04-17,99.995,100.004,99.995,100.004,86707
865,2020-04-20,100.0,100.0,99.975,99.998,123001
866,2020-04-21,99.999,99.999,99.995,99.997,40567
867,2020-04-22,99.994,100.002,99.994,100.0,94201
868,2020-04-23,99.995,100.0,99.994,99.999,70901
869,2020-04-24,100.0,100.009,100.0,100.006,148805
870,2020-04-27,99.994,100.001,99.994,99.999,63715
871,2020-04-28,99.996,99.997,99.976,99.997,80731
872,2020-04-29,99.996,100.003,99.991,99.999,141002
873,2020-04-30,99.999,100.08,99.998,100.003,222514
874,2020-05-06,100.0,100.0,99.986,99.99,159200
875,2020-05-07,99.983,99.994,99.983,99.992,113405
876,2020-05-08,100.0,100.005,100.0,100.002,127186
877,2020-05-11,99.99,100.0,99.988,100.0,142711
878,2020-05-12,99.996,100.0,99.995,99.999,53415
879,2020-05-13,99.999,100.004,99.999,100.004,46002
880,2020-05-14,99.995,100.007,99.995,100.003,73064
881,2020-05-15,100.006,100.007,100.001,100.006,49825
882,2020-05-18,99.999,100.001,99.995,99.997,46825
883,2020-05-19,99.994,100.002,99.994,100.002,67100
884,2020-05-20,100.0,100.001,99.997,100.001,58815
885,2020-05-21,100.0,100.001,99.993,99.997,145100
886,2020-05-22,100.0,100.007,100.0,100.006,76627
887,2020-05-25,99.999,100.001,99.997,100.001,56219
888,2020-05-26,99.997,99.998,99.991,99.995,107018
889,2020-05-27,99.995,99.997,99.99,99.99,64448
890,2020-05-28,99.988,99.991,99.97,99.985,187533
891,2020-05-29,99.998,100.002,99.99,100.002,94852
892,2020-06-01,99.991,99.993,99.984,99.987,116989
893,2020-06-02,99.986,99.991,99.985,99.987,58025
894,2020-06-03,99.989,99.995,99.986,99.995,39002
895,2020-06-04,99.995,99.996,99.983,99.991,41615
896,2020-06-05,100.0,100.002,99.994,100.002,38921
897,2020-06-08,99.99,99.996,99.99,99.995,46403
898,2020-06-09,99.992,100.0,99.992,99.999,34100
899,2020-06-10,99.996,99.999,99.996,99.999,11600
900,2020-06-11,99.992,99.998,99.99,99.996,35506
901,2020-06-12,100.002,100.002,99.99,99.999,95712
902,2020-06-15,99.993,99.996,99.993,99.996,10005
903,2020-06-16,99.994,99.997,99.994,99.995,13304
904,2020-06-17,99.995,99.998,99.992,99.996,17704
905,2020-06-18,99.988,99.996,99.988,99.996,12600
906,2020-06-19,100.0,100.003,99.971,99.977,43106
907,2020-06-22,99.977,99.988,99.96,99.978,143613
908,2020-06-23,99.981,99.985,99.967,99.977,100214
909,2020-06-24,100.005,100.005,99.977,100.002,67009
910,2020-06-29,99.996,99.996,99.97,99.976,70178
911,2020-06-30,99.954,99.968,99.954,99.962,184678
912,2020-07-01,99.963,99.987,99.963,99.987,159278
913,2020-07-02,99.961,100.0,99.911,99.978,35139
914,2020-07-03,99.973,99.999,99.95,99.982,212572
915,2020-07-06,99.973,99.991,99.961,99.99,101807
916,2020-07-07,99.985,99.99,99.931,99.981,193127
917,2020-07-08,99.981,99.995,99.973,99.995,131851
918,2020-07-09,99.971,99.995,99.971,99.994,55519
919,2020-07-10,100.0,100.01,100.0,100.005,46695
920,2020-07-13,99.996,100.0,99.987,100.0,24105
921,2020-07-14,99.99,100.0,99.981,99.997,102909
922,2020-07-15,99.997,100.002,99.995,99.999,139826
923,2020-07-16,100.005,100.005,99.996,99.999,42819
924,2020-07-17,100.003,100.015,100.0,100.008,62018
925,2020-07-20,99.998,100.01,99.998,100.009,47222
926,2020-07-21,99.996,100.007,99.996,100.005,26602
927,2020-07-22,99.998,100.005,99.998,100.004,19007
928,2020-07-23,99.998,100.001,99.998,100.001,44601
929,2020-07-24,100.009,100.01,100.004,100.006,58600
930,2020-07-27,99.996,100.009,99.996,100.001,109003
931,2020-07-28,99.997,100.005,99.996,100.002,87200
932,2020-07-29,99.999,100.003,99.996,99.999,38900
933,2020-07-30,99.999,100.003,99.995,99.999,40593
934,2020-07-31,100.004,100.01,99.995,100.004,98545
935,2020-08-03,99.995,100.0,99.985,99.996,88517
936,2020-08-04,99.995,100.0,99.994,99.999,38923
937,2020-08-05,100.0,100.004,99.995,100.002,75113
938,2020-08-06,99.996,100.002,99.996,100.002,52040
939,2020-08-07,100.006,100.011,100.006,100.011,28948
940,2020-08-10,100.005,100.005,99.991,100.0,74418
941,2020-08-11,99.998,100.005,99.998,100.004,69489
942,2020-08-12,99.996,100.005,99.996,100.001,56700
943,2020-08-13,99.996,100.002,99.996,100.0,46944
944,2020-08-14,100.007,100.007,100.003,100.006,46445
945,2020-08-17,99.996,99.999,99.996,99.998,26104
946,2020-08-18,99.996,99.999,99.996,99.999,15900
947,2020-08-19,99.999,100.0,99.995,99.999,23701
948,2020-08-20,99.999,100.0,99.996,100.0,46703
949,2020-08-21,100.004,100.007,100.001,100.007,54433
950,2020-08-24,100.0,100.0,99.996,99.999,22387
951,2020-08-25,99.996,99.999,99.996,99.999,24521
952,2020-08-26,99.997,99.999,99.996,99.997,8403
953,2020-08-27,99.997,100.0,99.997,100.0,32815
954,2020-08-28,100.005,100.006,100.0,100.005,46007
955,2020-08-31,100.0,100.0,99.515,99.985,233030
956,2020-09-01,99.993,99.998,99.993,99.997,31100
957,2020-09-02,99.994,99.998,99.994,99.994,9900
958,2020-09-03,99.994,99.999,99.994,99.998,50105
959,2020-09-04,100.004,100.005,99.997,100.004,58502
960,2020-09-07,99.998,100.0,99.997,99.998,58701
961,2020-09-08,99.996,99.999,99.996,99.998,10050
962,2020-09-09,99.998,99.998,99.995,99.998,9608
963,2020-09-10,99.995,100.0,99.995,100.0,23401
964,2020-09-11,100.004,100.008,100.0,100.004,47257
965,2020-09-14,100.0,100.0,99.996,99.998,19400
966,2020-09-15,99.996,100.0,99.996,100.0,18900
967,2020-09-16,99.997,100.003,99.997,100.0,36228
968,2020-09-17,99.997,100.0,99.997,99.997,9057
969,2020-09-18,100.004,100.009,100.004,100.009,25776
970,2020-09-21,99.996,100.001,99.996,100.001,24305
971,2020-09-22,99.999,99.999,99.996,99.998,34703
972,2020-09-23,99.994,99.998,99.994,99.998,10001
973,2020-09-24,99.996,99.999,99.996,99.997,9540
974,2020-09-25,99.998,100.007,99.998,100.007,8492
975,2020-09-28,100.001,100.001,99.996,100.0,36603
976,2020-09-29,99.999,100.004,99.998,100.004,15717
977,2020-09-30,100.015,100.79,100.008,100.355,153018
978,2020-10-09,100.12,100.12,99.998,100.015,53372
979,2020-10-12,99.997,100.008,99.996,100.005,24455
980,2020-10-13,100.002,100.1,100.002,100.013,42142
981,2020-10-14,100.006,100.011,100.006,100.011,8603
982,2020-10-15,99.997,100.01,99.997,100.005,8000
983,2020-10-16,100.69,100.69,100.015,100.019,37087
984,2020-10-19,100.004,100.004,99.999,100.0,25608
985,2020-10-20,99.999,100.003,99.996,100.001,38815
986,2020-10-21,100.001,100.004,100.0,100.0,18315
987,2020-10-22,100.004,100.004,100.0,100.002,6908
988,2020-10-23,100.005,100.007,100.002,100.003,26519
989,2020-10-26,100.0,100.0,99.996,99.997,20119
990,2020-10-27,99.995,99.998,99.995,99.996,8107
991,2020-10-28,99.993,99.996,99.991,99.991,8802
992,2020-10-29,99.985,99.99,99.981,99.99,23100
993,2020-10-30,100.005,100.01,100.0,100.005,40315
994,2020-11-02,99.995,100.0,99.995,100.0,11515
995,2020-11-03,99.997,100.0,99.995,100.0,7015
996,2020-11-04,99.997,100.0,99.995,100.0,41303
997,2020-11-05,100.0,100.002,99.995,100.0,47506
998,2020-11-06,100.004,100.01,100.004,100.008,33977
999,2020-11-09,100.005,100.005,99.996,100.0,32860
1000,2020-11-10,99.996,100.0,99.994,99.998,69365
1001,2020-11-11,99.998,100.001,99.998,99.999,16772
1002,2020-11-12,99.996,100.0,99.996,100.0,11404
1003,2020-11-13,100.005,100.01,100.002,100.01,36233
1004,2020-11-16,99.996,100.006,99.996,100.001,32501
1005,2020-11-17,100.0,100.004,100.0,100.004,13917
1006,2020-11-18,100.004,100.004,100.001,100.001,4206
1007,2020-11-19,99.997,100.001,99.997,99.999,14400
1008,2020-11-20,100.004,100.009,100.004,100.004,23768
1009,2020-11-23,99.998,100.0,99.997,100.0,27709
1010,2020-11-24,99.999,100.0,99.999,99.999,12507
1011,2020-11-25,99.998,100.003,99.998,100.0,14305
1012,2020-11-26,99.999,100.004,99.999,100.004,16897
1013,2020-11-27,100.005,100.01,100.002,100.006,35100
1014,2020-11-30,100.01,100.01,99.995,99.995,21813
1015,2020-12-01,99.995,100.0,99.995,100.0,10609
1016,2020-12-02,99.971,100.01,99.971,100.003,15941
1017,2020-12-03,99.995,100.0,99.991,99.997,42476
1018,2020-12-04,100.005,100.013,100.005,100.011,84935
1019,2020-12-07,100.008,100.008,99.995,100.004,25402
1020,2020-12-08,99.995,100.002,99.995,100.001,14993
1021,2020-12-09,100.003,100.004,99.998,100.003,18200
1022,2020-12-10,99.998,100.0,99.992,99.996,58342
1023,2020-12-11,100.002,100.005,99.999,100.005,134700
1024,2020-12-14,99.995,99.998,99.992,99.992,43930
1025,2020-12-15,99.995,100.001,99.995,100.0,92397
1026,2020-12-16,100.0,100.003,99.999,100.002,19809
1027,2020-12-17,100.0,100.001,99.995,99.995,35412
1028,2020-12-18,100.002,100.005,100.002,100.003,23620
1029,2020-12-21,99.998,100.003,99.998,99.999,3000
1030,2020-12-22,99.998,100.004,99.997,100.002,5620
1031,2020-12-23,100.0,100.005,100.0,100.0,12209
1032,2020-12-24,100.0,100.003,100.0,100.002,6126
1033,2020-12-25,100.002,100.009,99.998,100.005,57992
1034,2020-12-28,99.995,99.996,99.991,99.992,20100
1035,2020-12-29,99.985,99.992,99.97,99.981,106012
1036,2020-12-30,99.981,99.995,99.971,99.98,70403
1037,2020-12-31,100.006,100.018,99.99,100.011,197601
1038,2021-01-04,100.0,100.0,99.903,99.999,57927
1039,2021-01-05,99.998,100.0,99.996,100.0,21683
1040,2021-01-06,99.996,100.003,99.996,100.003,47200
1041,2021-01-07,100.0,100.009,99.997,100.004,31534
1042,2021-01-08,100.005,100.04,100.005,100.014,42518
1043,2021-01-11,100.0,100.001,99.997,100.001,52234
1044,2021-01-12,99.979,100.008,99.971,100.002,78503
1045,2021-01-13,99.999,100.004,99.999,100.004,13395
1046,2021-01-14,100.004,100.004,99.998,100.002,24500
1047,2021-01-15,100.004,100.098,99.997,100.011,56704
1048,2021-01-18,100.01,100.01,100.002,100.007,28407
1049,2021-01-19,99.999,100.007,99.997,100.006,31629
1050,2021-01-20,100.008,100.008,99.973,100.001,26459
1051,2021-01-21,100.0,100.001,99.997,100.001,24984
1052,2021-01-22,100.004,100.012,100.004,100.012,32303
1053,2021-01-25,100.0,100.009,100.0,100.005,20427
1054,2021-01-26,99.999,100.002,99.992,99.992,30739
1055,2021-01-27,99.994,99.994,99.99,99.992,15107
1056,2021-01-28,99.994,99.995,99.958,99.958,23717
1057,2021-01-29,99.99,100.005,99.99,99.999,94797
1058,2021-02-01,99.999,100.004,99.999,100.003,25237
1059,2021-02-02,99.997,100.0,99.992,100.0,11908
1060,2021-02-03,99.99,100.004,99.99,100.004,10614
1061,2021-02-04,100.004,100.004,100.0,100.001,10302
1062,2021-02-05,100.006,100.092,100.006,100.015,106662
1063,2021-02-08,100.001,100.015,100.001,100.013,36433
1064,2021-02-09,100.012,100.02,100.012,100.019,26413
1065,2021-02-10,100.032,109.42,100.032,100.7,94877
1066,2021-02-18,100.5,100.5,100.001,100.009,78909
1067,2021-02-19,100.005,100.016,100.005,100.016,35537
1068,2021-02-22,100.014,100.028,100.005,100.022,42246
1069,2021-02-23,100.003,100.024,100.001,100.022,21236
1070,2021-02-24,100.016,100.016,100.005,100.007,51580
1071,2021-02-25,100.002,100.008,100.002,100.007,21686
1072,2021-02-26,100.007,100.012,100.007,100.012,30204
1073,2021-03-01,100.0,100.012,100.0,100.012,27622
1074,2021-03-02,100.001,100.015,100.001,100.015,14988
1075,2021-03-03,100.015,100.017,100.013,100.013,15426
1076,2021-03-04,100.013,100.017,100.012,100.017,15210
1077,2021-03-05,100.099,100.099,100.015,100.02,12900
1078,2021-03-08,100.016,100.017,100.01,100.017,24333
1079,2021-03-09,100.017,100.017,100.01,100.01,10106
1080,2021-03-10,100.005,100.01,100.005,100.006,9401
1081,2021-03-11,100.006,100.007,100.002,100.007,18540
1082,2021-03-12,100.009,100.019,100.008,100.013,47780
1083,2021-03-15,100.01,100.038,100.001,100.036,12800
1084,2021-03-16,100.02,100.048,100.02,100.035,4811
1085,2021-03-17,100.006,100.012,100.006,100.009,17203
1086,2021-03-18,100.005,100.01,100.0,100.009,20301
1087,2021-03-19,100.009,100.016,100.003,100.016,33808
1088,2021-03-22,100.015,100.016,100.01,100.015,5700
1089,2021-03-23,100.015,100.015,100.006,100.006,5900
1090,2021-03-24,100.0,100.009,100.0,100.005,58800
1091,2021-03-25,99.908,100.006,99.908,100.006,19801
1092,2021-03-26,100.009,100.015,100.009,100.015,7400
1093,2021-03-29,100.01,100.015,100.008,100.009,22707
1094,2021-03-30,100.01,100.02,100.01,100.02,10001
1095,2021-03-31,100.014,100.02,100.014,100.02,5305
1096,2021-04-01,100.006,100.015,100.006,100.015,22420
1097,2021-04-02,100.03,100.26,100.02,100.19,60390
1098,2021-04-06,100.17,100.17,100.01,100.097,14670
1099,2021-04-07,100.013,100.016,100.01,100.016,15514
1100,2021-04-08,100.01,100.015,100.001,100.013,12192
1101,2021-04-09,100.013,100.028,100.013,100.023,27415
1102,2021-04-12,100.002,100.018,100.001,100.015,21439
1103,2021-04-13,100.001,100.015,100.001,100.01,17202
1104,2021-04-14,100.01,100.014,100.01,100.014,10223
1105,2021-04-15,100.014,100.015,100.01,100.014,6436
1106,2021-04-16,100.012,100.015,100.011,100.013,44337
1107,2021-04-19,100.01,100.01,99.999,100.004,56400
1108,2021-04-20,99.99,100.008,99.99,100.007,28803
1109,2021-04-21,100.001,100.005,100.001,100.005,2600
1110,2021-04-22,100.005,100.007,100.002,100.002,6513
1111,2021-04-23,100.005,100.012,100.001,100.011,54204
1112,2021-04-26,100.01,100.01,99.987,100.003,57200
1113,2021-04-27,100.007,100.008,100.005,100.008,12789
1114,2021-04-28,100.002,100.012,100.0,100.008,13047
1115,2021-04-29,100.0,100.005,100.0,100.005,38802
1116,2021-04-30,100.05,100.1,100.011,100.071,127321
1117,2021-05-06,100.058,100.058,99.981,100.002,43609
1118,2021-05-07,100.0,100.011,100.0,100.008,46949
1119,2021-05-10,100.007,100.007,100.001,100.002,11421
1120,2021-05-11,100.002,100.019,100.002,100.005,12601
1121,2021-05-12,100.005,100.006,100.0,100.005,19200
1122,2021-05-13,99.99,100.005,99.99,100.004,8806
1123,2021-05-14,100.006,100.087,100.002,100.003,114296
1124,2021-05-17,100.003,100.003,99.983,100.0,30499
1125,2021-05-18,99.995,100.01,99.994,100.01,58907
1126,2021-05-19,100.01,100.013,100.002,100.013,65507
1127,2021-05-20,99.991,100.011,99.991,99.997,20205
1128,2021-05-21,99.991,100.005,99.991,100.005,10803
1129,2021-05-24,100.001,100.005,100.0,100.001,11008
1130,2021-05-25,99.982,100.018,99.982,100.002,49610
1131,2021-05-26,100.0,100.0,99.995,100.0,20000
1132,2021-05-27,99.992,99.999,99.981,99.996,76428
1133,2021-05-28,99.996,100.004,99.99,100.0,73505
1134,2021-05-31,99.992,99.996,99.973,99.985,49185
1135,2021-06-01,99.98,100.032,99.98,99.994,61306
1136,2021-06-02,99.988,100.0,99.987,99.996,36508
1137,2021-06-03,99.995,99.997,99.992,99.997,24798
1138,2021-06-04,99.999,100.01,99.999,100.009,93717
1139,2021-06-07,100.001,100.006,99.985,100.0,50156
1140,2021-06-08,99.997,100.0,99.997,99.998,24801
1141,2021-06-09,99.99,100.006,99.99,99.991,59100
1142,2021-06-10,99.992,99.994,99.987,99.989,67100
